id,url,title,content,push_content,region,type,source,ctype,date,time,author,discussion_count,share_count,comment_count,like_count,dislike_count,positive_pushs,neutual_pushs,negative_pushs,sentiment,crawled_at,hit_rate
0f92fab1-f735-5403-9cc1-b331a329d79a,https://tw.news.yahoo.com/%E5%A4%9A%E9%A0%85%E4%B8%AD%E5%9C%8B%E9%A3%9F%E5%93%81%E9%81%95%E8%A6%8F%E9%80%80%E9%81%8B-%E5%A5%BD%E5%B8%82%E5%A4%9A%E7%B6%9C%E5%90%88%E7%B6%AD%E4%BB%96%E5%91%BD%E5%90%AB%E7%A6%81%E7%94%A8%E9%98%B2%E8%85%90%E5%8A%91-030951258.html,多項中國食品違規退運 好市多綜合維他命含禁用防腐劑,"【NOW健康 葉立斌／台北報導】食藥署在今（18）日公布邊境查驗不合格名單，其中越南出口的白米，檢出農藥殘留，多達249,990公斤需退運或銷毀。另外，在美式賣場「好市多」銷售不錯的「WEBBER NATURALS男性50+年長者綜合維生素錠」檢出防腐劑對羥苯甲酸乙酯，有上千公斤的產品被退運或銷毀。食藥署表示，這批來自越南的白米，檢出農藥殘留氟派瑞0.04 ppm，被退運的重量多達249,990公斤。同時本週有多項來自中國的產品被揪出不合格：辣椒片檢出蘇丹色素三號5ppb，共有10,000公斤需退運銷毀；辣椒粉檢出蘇丹色素三號7ppb，違規總數是11,000公斤；另外有912.5公斤花椒檢出重金屬鉛，也有2批小茴香粉檢出含量不等的陶斯松。不少人對重金屬有疑慮，陳慶裕表示，該進口商在110年就驗出有產品不合格，轉為100%逐批抽驗；然因年間持續有狀況發生，至今仍執行最嚴格的100%逐批抽驗，並且還沒有降級的時間表。另外，在美式賣場「好市多」評價不錯，銷售相當好的「WEBBER NATURALS男性50+年長者綜合維生素錠」檢出防腐劑對羥苯甲酸乙酯0.01g/kg，依業者聲明對羥苯甲酸乙酯係源自合成番茄紅素，添加於原料之tomato pomace (skin and seed)，依據「食品添加物使用範圍及限量暨規格標準」，非表列准用之範圍，本案不符合食品安全衛生管理法第18條規定，共有1,478.86公斤須退運或銷毀。食藥署北區管理中心科長陳慶裕表示，這款「WEBBER NATURALS男性50+年長者綜合維生素錠」維他命是近半年來首次違規，將提高抽驗標準到20到50%。更多NOW健康報導",,台灣,新聞,Yahoo,新聞,2023/4/19,11:09:51,,,0,0,0,0,0,0,0,中立,,
092733eb-76e5-555f-b3fc-f66cda867342,http://news.pchome.com.tw/healthcare/healthmedia/20230419/index-68187379138062281012.html,多項中國食品違規退運 好市多綜合維他命含禁用防腐劑,"【NOW健康 葉立斌／台北報導】食藥署在今（18）日公布邊境查驗不合格名單，其中越南出口的白米，檢出農藥殘留，多達249,990公斤需退運或銷毀。另外，在美式賣場「好市多」銷售不錯的「WEBBER NATURALS男性50+年長者綜合維生素錠」檢出防腐劑對羥苯甲酸乙酯，有上千公斤的產品被退運或銷毀。  食藥署表示，這批來自越南的白米，檢出農藥殘留氟派瑞0.04 ppm，被退運的重量多達249,990公斤。同時本週有多項來自中國的產品被揪出不合格：辣椒片檢出蘇丹色素三號5ppb，共有10,000公斤需退運銷毀；辣椒粉檢出蘇丹色素三號7ppb，違規總數是11,000公斤；另外有912.5公斤花椒檢出重金屬鉛，也有2批小茴香粉檢出含量不等的陶斯松。  不少人對重金屬有疑慮，陳慶裕表示，該進口商在110年就驗出有產品不合格，轉為100%逐批抽驗；然因年間持續有狀況發生，至今仍執行最嚴格的100%逐批抽驗，並且還沒有降級的時間表。  另外，在美式賣場「好市多」評價不錯，銷售相當好的「WEBBER NATURALS男性50+年長者綜合維生素錠」檢出防腐劑對羥苯甲酸乙酯0.01g/kg，依業者聲明對羥苯甲酸乙酯係源自合成番茄紅素，添加於原料之tomato pomace (skin and seed)，依據「食品添加物使用範圍及限量暨規格標準」，非表列准用之範圍，本案不符合食品安全衛生管理法第18條規定，共有1,478.86公斤須退運或銷毀。  食藥署北區管理中心科長陳慶裕表示，這款「WEBBER NATURALS男性50+年長者綜合維生素錠」維他命是近半年來首次違規，將提高抽驗標準到20到50%。  更多NOW健康報導 ▸講座報名／春暖花開耳鼻喉疾病一籮筐 醫師開講解疑惑 ▸【全台護心大串聯】心絞痛、高血壓、高血脂講座報名   就❤NOW健康：社群 │ 影音 │ 官網 │ 醫級邦",,台灣,新聞,PChome 新聞,健康,2023/4/19,11:09:51,,,0,0,0,0,0,0,0,,,
088a7b45-1315-5e1f-a27b-3ad0b44fbfac,https://life.tw/?app=view&no=1936965,多項中國食品違規退運 好市多綜合維他命含禁用防腐劑,"【NOW健康 葉立斌／台北報導】食藥署在今（18）日公布邊境查驗不合格名單，其中越南出口的白米，檢出農藥殘留，多達249,990公斤需退運或銷毀。另外，在美式賣場「好市多」銷售不錯的「WEBBER NATURALS男性50+年長者綜合維生素錠」檢出防腐劑對羥苯甲酸乙酯，有上千公斤的產品被退運或銷毀。食藥署表示，這批來自越南的白米，檢出農藥殘留氟派瑞0.04 ppm，被退運的重量多達249,990公斤。同時本週有多項來自中國的產品被揪出不合格：辣椒片檢出蘇丹色素三號5ppb，共有10,000公斤需退運銷毀；辣椒粉檢出蘇丹色素三號7ppb，違規總數是11,000公斤；另外有912.5公斤花椒檢出重金屬鉛，也有2批小茴香粉檢出含量不等的陶斯松。不少人對重金屬有疑慮，陳慶裕表示，該進口商在110年就驗出有產品不合格，轉為100%逐批抽驗；然因年間持續有狀況發生，至今仍執行最嚴格的100%逐批抽驗，並且還沒有降級的時間表。另外，在美式賣場「好市多」評價不錯，銷售相當好的「WEBBER NATURALS男性50+年長者綜合維生素錠」檢出防腐劑對羥苯甲酸乙酯0.01g/kg，依業者聲明對羥苯甲酸乙酯係源自合成番茄紅素，添加於原料之tomato pomace (skin andseed)，依據「食品添加物使用範圍及限量暨規格標準」，非表列准用之範圍，本案不符合食品安全衛生管理法第18條規定，共有1,478.86公斤須退運或銷毀。食藥署北區管理中心科長陳慶裕表示，這款「WEBBER NATURALS男性50+年長者綜合維生素錠」維他命是近半年來首次違規，將提高抽驗標準到20到50%。更多NOW健康報導▸講座報名／春暖花開耳鼻喉疾病一籮筐 醫師開講解疑惑▸【全台護心大串聯】心絞痛、高血壓、高血脂講座報名就❤NOW健康：社群 │ 影音 │ 官網 │ 醫級邦",,台灣,新聞,LIFE生活網,健康醫療,2023/4/19,11:09:00,,,0,0,0,0,0,0,0,中立,,
e784aeb3-8ee7-5943-b634-16506209cc4c,https://n.yam.com/Article/20230419229908,多項中國食品違規退運 好市多綜合維他命含禁用防腐劑,"【NOW健康 葉立斌／台北報導】食藥署在今（18）日公布邊境查驗不合格名單，其中越南出口的白米，檢出農藥殘留，多達249,990公斤需退運或銷毀。另外，在美式賣場「好市多」銷售不錯的「WEBBER NATURALS男性50+年長者綜合維生素錠」檢出防腐劑對羥苯甲酸乙酯，有上千公斤的產品被退運或銷毀。食藥署表示，這批來自越南的白米，檢出農藥殘留氟派瑞0.04 ppm，被退運的重量多達249,990公斤。同時本週有多項來自中國的產品被揪出不合格：辣椒片檢出蘇丹色素三號5ppb，共有10,000公斤需退運銷毀；辣椒粉檢出蘇丹色素三號7ppb，違規總數是11,000公斤；另外有912.5公斤花椒檢出重金屬鉛，也有2批小茴香粉檢出含量不等的陶斯松。不少人對重金屬有疑慮，陳慶裕表示，該進口商在110年就驗出有產品不合格，轉為100%逐批抽驗；然因年間持續有狀況發生，至今仍執行最嚴格的100%逐批抽驗，並且還沒有降級的時間表。另外，在美式賣場「好市多」評價不錯，銷售相當好的「WEBBER NATURALS男性50+年長者綜合維生素錠」檢出防腐劑對羥苯甲酸乙酯0.01g/kg，依業者聲明對羥苯甲酸乙酯係源自合成番茄紅素，添加於原料之tomato pomace (skin and seed)，依據「食品添加物使用範圍及限量暨規格標準」，非表列准用之範圍，本案不符合食品安全衛生管理法第18條規定，共有1,478.86公斤須退運或銷毀。食藥署北區管理中心科長陳慶裕表示，這款「WEBBER NATURALS男性50+年長者綜合維生素錠」維他命是近半年來首次違規，將提高抽驗標準到20到50%。更多NOW健康報導▸講座報名／春暖花開耳鼻喉疾病一籮筐 醫師開講解疑惑▸【全台護心大串聯】心絞痛、高血壓、高血脂講座報名 就❤NOW健康：社群 │ 影音 │ 官網 │ 醫級邦",,台灣,新聞,yam蕃薯藤,即時新聞,2023/4/19,11:09:00,,,0,0,0,0,0,0,0,中立,,
2ed47bd1-9440-5dbc-9ca3-bc3cf7c95284,http://www.tssdnews.com.tw/?FID=13&CID=669999,美式大賣場維生素錠防腐劑違規 逾1478公斤銷毀,衛福部食藥署今天公布邊境查驗不合格名單，由知名美式大賣場進口綜合維生素錠違規添加防腐劑，這是半年首次出現加拿大輸入綜合維生素錠違規，多達一四七八點八六公斤需銷毀或退運。衛生福利部食品藥物管理署今天公布最新邊境檢驗不合格名單，共有十七項檢驗不合格產品，其中包含好市多公司進口的加拿大「WEBBER NATURALS男性50+年長者綜合維生素錠MEN′S 50+ MOST COMPLETE MULTI」檢出防腐劑含量不符規定。,,台灣,新聞,台灣新生報,焦點新聞,2023/4/19,9:58:24,,,0,0,0,0,0,0,0,正向,,
bb4f2556-ddaa-5cfe-aba7-b8bf4725c197,https://news.ltn.com.tw/news/life/paper/1578216,韓國「女神光果凍」 驗出禁用甜味劑,好市多進口的「男性50+年長者綜合維生素錠」防腐劑含量不符規定。（記者吳亮儀翻攝）〔記者吳亮儀、蕭方綺／台北報導〕食品藥物管理署昨天公布邊境稽查結果，一批由大創紅公司從韓國進口的「J.GAO女神光果凍」被檢出添加了三款甜味劑違規。這批「J.GAO女神光果凍」共二七六五公斤，這是藝人高宇蓁自創的保養品牌。食藥署在邊境查驗出添加了三款甜味劑，包括甜味劑甜菊醣○．○一g/kg、Rebaudioside A達二．三三g/kg、Rebaudioside B達○．○三g/kg。食藥署科長陳慶裕說明，我國可使用甜菊醣，但不能用於果凍， Rebaudioside A和Rebaudioside B則禁止使用，因此這批果凍通通得退運或銷毀。高宇蓁透過經紀人回應說，品牌的商品都是檢驗合格，公司釐清後會發聲明，但截稿前聲明尚未出爐。另外，美式量販店好市多從加拿大進口「WEBBER NATURALS男性50+年長者綜合維生素錠」共一四七八．八六公斤，檢出防腐劑對羥苯甲酸乙酯○．○一g/kg。陳慶裕說，這款防腐劑使用範圍僅限豆類製品、不含碳酸的飲料等，因此這批貨物也須退運或銷毀。昨天共有十七批進口食品被檢出違規，中國出口的食品就有八批，包括兩批「小茴香粉」農藥殘留違規、餐盤和「孟宗煎匙」各一批溶出試驗不合格、一批花椒重金屬含量超標、辣椒粉和辣椒片各一批被驗出含非法著色劑、以及一批鮮南瓜農藥殘留違規。韓國出口「J.GAO女神光果凍」檢出甜味劑含量不符規定。（記者吳亮儀翻攝）,,台灣,新聞,自由時報電子報,生活,2023/4/19,5:30:00,吳亮儀、蕭方綺,,0,0,0,0,0,0,0,中立,,
303ec085-7c4b-57bb-a0bc-328a47446166,https://news.ltn.com.tw/news/life/paper/1578216,韓國「女神光果凍」 驗出禁用甜味劑,好市多進口的「男性50+年長者綜合維生素錠」防腐劑含量不符規定。（記者吳亮儀翻攝）〔記者吳亮儀、蕭方綺／台北報導〕食品藥物管理署昨天公布邊境稽查結果，一批由大創紅公司從韓國進口的「J.GAO女神光果凍」被檢出添加了三款甜味劑違規。這批「J.GAO女神光果凍」共二七六五公斤，這是藝人高宇蓁自創的保養品牌。食藥署在邊境查驗出添加了三款甜味劑，包括甜味劑甜菊醣○．○一g/kg、Rebaudioside A達二．三三g/kg、Rebaudioside B達○．○三g/kg。食藥署科長陳慶裕說明，我國可使用甜菊醣，但不能用於果凍， Rebaudioside A和Rebaudioside B則禁止使用，因此這批果凍通通得退運或銷毀。高宇蓁透過經紀人回應說，品牌的商品都是檢驗合格，公司釐清後會發聲明，但截稿前聲明尚未出爐。另外，美式量販店好市多從加拿大進口「WEBBER NATURALS男性50+年長者綜合維生素錠」共一四七八．八六公斤，檢出防腐劑對羥苯甲酸乙酯○．○一g/kg。陳慶裕說，這款防腐劑使用範圍僅限豆類製品、不含碳酸的飲料等，因此這批貨物也須退運或銷毀。昨天共有十七批進口食品被檢出違規，中國出口的食品就有八批，包括兩批「小茴香粉」農藥殘留違規、餐盤和「孟宗煎匙」各一批溶出試驗不合格、一批花椒重金屬含量超標、辣椒粉和辣椒片各一批被驗出含非法著色劑、以及一批鮮南瓜農藥殘留違規。韓國出口「J.GAO女神光果凍」檢出甜味劑含量不符規定。（記者吳亮儀翻攝）,,台灣,平面媒體,自由時報-報紙,生活,2023/4/19,5:30:00,吳亮儀、蕭方綺,,0,0,0,0,0,0,0,中立,,
9f77af75-70e6-51db-b93c-a97d04d3efe1,https://www.cdns.com.tw/articles/784358,加拿大進口維他命防腐劑違規,記者陳柏翰∕台北報導食藥署18日指出，根據最新邊境查驗不合格名單，1件由知名美式大賣場進口綜合維生素錠違規添加防腐劑。這是半年來首次出現加拿大輸入綜合維生素錠違規，有1478.86公斤需銷毀或退運。食藥署公布邊境檢驗不合格名單，共有17項檢驗不合格產品。其中，好市多進口的加拿大「WEBBER NATURALS男性50+年長者綜合維生素錠 MEN’S 50+ MOST COMPLETE MULTI」檢出防腐劑含量不符規定。此項不合格的綜合維生素錠檢出防腐劑對羥苯甲酸乙酯0.01 g/kg。食藥署表示，雖然羥苯甲酸乙酯是準用的防腐劑，但準用範圍只有豆皮、豆干、醬油和不含碳酸的飲料等可使用，業者輸入的綜合維生素錠產品不在準用範圍。食藥署指出，這是此家業者半年以來，第一次在邊境查驗中檢出不合格的綜合維生素錠，未來將會將這名業者從加拿大進口的綜合維生素錠產品提高至20～50%的加強檢驗。這也是半年首次出現加拿大輸入綜合維生素錠違規。,,台灣,新聞,中華日報新聞網,健康文字,2023/4/19,0:00:21,,,0,0,0,0,0,0,0,中立,,
b228045f-cf99-5a3b-80be-5392836483fb,https://www.epochtimes.com/b5/23/4/18/n13975682.htm,好市多綜合維他命含禁用防腐劑  1478公斤退運銷毀,"【大紀元2023年04月18日訊】（大紀元記者賴玟茹臺灣臺北報導）衛福部食藥署18日公佈邊境檢驗不合格名單，當中，一款由知名美式大賣場進口的綜合維生素錠，檢出違規新增防腐劑，多達1478.86公斤依規定全數銷毀或退運。衛生福利部食品藥物管理署18日公佈最新邊境檢驗不合格名單，共有17項檢驗違規，包括印度進口傳統香米、中國進口的小茴香粉、日本進口生螢烏賊等產品，分別檢出重金屬、農藥殘留等不合格。其中一項，好市多公司進口的加拿大「WEBBER NATURALS男性50+年長者綜合維生素錠 MEN’S 50+ MOST COMPLETE MULTI」檢出防腐劑「對羥苯甲酸乙酯」0.01 g/kg，含量不符規定。衛福部食藥署北區管理中心科長陳慶裕說明，「對羥苯甲酸乙酯」為準用的防腐劑，但範圍僅限於豆皮、豆乾、醬油，及不含碳酸飲料等，業者輸入的綜合維生素錠產品不在準用範圍。陳慶裕說，近六個月以來，業者為首次在邊境檢出不合格的綜合維生素錠，未來將加強檢驗，檢驗強度增至20至50%。另有一款由大創紅公司從韓國進口的「J.GAO , J.KAOJ.GAO 女神光果凍（J.KAO GODDESS MIRACLE JELLY）」被檢出甜味劑含量不符規定，檢出3款甜味劑，包括檢出甜味劑甜菊醣0.01g/kg、Rebaudioside A達2.33g/kg及Rebaudioside B達0.03g/kg。陳慶裕表示，三款甜味劑均不得使用於果凍產品，總計2765公斤，依規定全數退運或銷毀。責任編輯：鄭樺",,大陸,大陸新聞,大紀元,各地分網,2023/4/18,21:17:40,,,0,0,0,0,0,0,0,中立,,
4f77553f-ddde-553b-93a4-aeb173b75eca,https://www.facebook.com/100063772788447/posts/697405242395229/,,注意！這款維生素錠「防腐劑」違規！好市多維生素錠「防腐劑」違規　1478公斤退運銷毀,,台灣,綠營側翼,臉書,中廣新聞,2023/4/18,20:30:00,中廣新聞,,0,0,4,0,0,0,0,負向,,
0ced4d14-b852-541d-b5e5-0cd42cb491ea,https://n.yam.com/Article/20230418468980,黃安爆左眼視網膜剝離「回台動手術」！最新病況曝：目前半瞎,知名歌手黃安近日驚傳左眼視網膜剝離，緊急返回台灣接受手術治療。日前，他在微博上更新自己的病況，表示手術非常成功，但目前仍然處於「半瞎」狀態。他估計需要三個月的時間來恢復視力，為了保護僅存的右眼，現已停止閱讀，轉而專注於聆聽。▲黃安左眼視網膜剝離動手術，目前處於休養狀態。（圖／黃安）黃安在微博中表示，原本他喜歡通過閱讀佛經來打發時間，但為了不對僅存的右眼造成負擔，已經暫停閱讀。他現在「只用聽的，用耳根修行」，專注聆聽別人的講話，甚至能夠洞察言外之意。他還自豪地表示，自己的聽力非常好，即使60歲了，仍然可以輕鬆聽到三樓拉椅子的聲音。除了感慨人生無常，黃安也在微博中表達了對這次疾病的感悟。他感謝這次經歷讓他更加珍惜寶貴的時間，也讓他深刻地認識到生命的短暫。他表示，雖然近期都在養病，但這段時間卻讓他更加珍視當下的每一刻。更多eNews報導食藥署抓包農藥超標！好市多賣「這款維生素」違規　1478公斤全銷毀《全明星》女星懷孕了！男友突認「姊弟戀」曬超音波照　整排藍勾勾嗨翻蕃新聞推薦影片,,台灣,新聞,yam蕃薯藤,即時新聞,2023/4/18,19:05:00,,,0,0,0,0,0,0,0,中立,,
0af4058b-8344-5f11-9149-cfade920db4b,https://tw.news.yahoo.com/%E3%80%90%E6%9C%AC%E6%97%A5yahoo%E7%84%A6%E9%BB%9E%E3%80%91%E5%A5%BD%E5%B8%82%E5%A4%9A%E9%80%B2%E5%8F%A3%E7%B6%AD%E4%BB%96%E5%91%BD%E9%81%95%E8%A6%8F-%E5%85%A8%E9%8A%B7%E6%AF%80-103812333.html,【本日Yahoo焦點】好市多進口維他命違規 全銷毀,本日Yahoo焦點是「」，今天網友最關注、討論度最高的10則新聞如下：★ 好市多進口維他命違規 全銷毀食藥署今公布最新一波邊境查驗不合格名單，好市多從加拿大進口的一批「WEBBER NATURALS男性50+年長者綜合維生素錠」檢出禁用的防腐劑......＜＞★ 是否覺得被仙人跳 郭台銘回答鴻海創辦人郭台銘，今上午舉行「科技經濟政治日本開拓之旅」成果報告會。由於日前傳出「就是侯友宜」的訊息，被問到是否覺得被國民黨仙人跳......＜＞★ 注意！猴痘增15例創單周新高台灣連續數周都有猴痘本土病例，衛福部疾管署今公布，國內新增15例猴痘病例創單周新高，分別為2例境外移入、13例本土個案，本土病例12人來自北部......＜＞★ 共軍黃海軍事活動 國防部回應中國大陸針對共軍今在黃海進行重大軍事活動發出航行警告，國防部發言人孫立方表示，操演時間不長，屬內部科目操演，國軍會嚴密掌握......＜＞★ 新變異株襲印度星馬 現新症狀印度近日出現一款變異病毒株XBB.1.16。不少歐美學者在研究確診案例後發現，感染病毒株XBB.1.16的年輕患者，很大機率會誘發結膜炎......＜＞★ 遭控裝病詐保 8口家獲判無罪張姓女子與家族成員共8人涉向精神科醫師誇稱罹患精神頹廢等症狀，經住院後詐領保險理賠5570萬餘元遭起訴。北院今認定疾病有家族遺傳等因素，罪證不足......＜＞★ 大量BUG機票釋出 ANA認賠從雅加達出發飛北美大城市商務艙來回居然只要1萬、頭等艙也只要3萬，原來這是ANA全日本空昨晚釋出的大量BUG票，官方也回應願意認帳，但是不能更改退費......＜＞★ 朱立倫協調 林為洲不選立委了國民黨新竹縣立委林為洲以團結勝選為重，在黨主席朱立倫及新竹縣長楊文科、祕書長黃健庭協調下，決定不參選連任，交棒支持前立委徐欣瑩參選委......＜＞★ 台長期失業多年輕人 原因分析根據行政院主計總處「人力資源調查」，受少子女化趨勢與高等教育普及影響，在台灣的長期失業者有年輕化和高學歷化的趨勢。學者認為年輕人若找不到理想工作......＜＞★ 陳玉珍表態挺郭⋯黃暐瀚解析鴻海創辦人郭台銘率先表宣布取國民黨總統提名。國民黨立委陳玉珍今公開表態支持，因為他有效率、懂經營，更具有國際觀，加上具領袖能力......＜＞「本日Yahoo焦點」集結本日網友最關注、討論度最高的新聞，一次完整呈現，每天晚上8點準時出刊。#yahoochoice,,台灣,新聞,Yahoo,新聞,2023/4/18,18:38:12,,,0,16,0,0,0,0,0,正向,,
b700179a-ff8f-5186-92ff-8d4a640c7743,http://news.pchome.com.tw/politics/nownews/20230418/index-68181248479393207001.html,農糧署駁班班吃鳳梨 今年百噸先入營養午餐,農委會農糧署今（18）日宣布，將推台灣優質鳳梨進入校園營養午餐，這學期預計有20家學校、採購100噸，明年更預計擴展到望50校、300噸。（圖／記者許若茵攝，2023.04.18）[NOWnews今日新聞]國內進入鳳梨盛產期，農委會農糧署今（18）日宣布，將推台灣優質鳳梨進入校園營養午餐，這學期預計有20家學校、採購100噸，明年更預計擴展到望50校、300噸。而對於外界質疑是「班班吃鳳梨」消化庫存，農糧署長胡忠一也駁斥這說法。目前正值鳳梨產期，農糧署輔導鳳梨產業策略聯盟，並於今日舉行「鳳上美味~食在安心」臺灣優質鳳梨進入校園午餐食材發表記者會，邀請中華民國餐盒食品商業同業公會全國聯合會、團膳業者及產地農民團體參加。香甜的鳳梨放入鍋中煎至金黃，再倒入彩椒、洋蔥翻炒，並加點水讓味道融合，最後放入川燙後的肉片並適當調味，一道酸甜可口的鳳梨炒肉就可以上桌了。這是主廚周維民（小周師）現場展示鳳梨入菜，營養午餐的新菜色。中華民國餐盒同業公會理事長陳明信說明，新鮮國產鳳梨比過往團膳用的罐頭鳳梨更便宜，且鳳梨入菜是配料提味、提鮮的食材，鳳梨的酵素也可醃漬肉品，或是可搭配學校契約作為水果，不會有經費排擠問題，會再與廚師、營養師研發更多鳳梨料理，讓更多業者加入。對於是否要推「班班吃鳳梨」，胡忠一受訪時強調，農糧署並沒有要推班班吃鳳梨，目標是要讓農產品入菜，針對全教總批評是要銷庫存，胡也解釋，推動食農教育是整年都有，盛產時「吃在地食當季」是天經地義，小朋友吃的是最優質的3章1Q的食材，同時這些團膳業者跟廠商都有簽約，要依照契約進行，沒有權力限制班班吃鳳梨。胡忠一也說，今年第一波目標是20家學校，採購100公噸鳳梨，明年希望有50校，總採購300噸，學校也能多多採購，「因為學校如果不採購，我們也沒辦法」。相關新聞 立院「啥米死人骨頭攏有」惹議！薛瑞元再酸：天龍國人聽不懂台語 好市多「綜合維生素錠」防腐劑不合格 1478公斤退運銷毀 狒狒之死！桃園市政府批中央無捉捕SOP 將向六福村提民事求償,,台灣,新聞,PChome 新聞,政治,2023/4/18,18:08:04,,,0,0,0,0,0,0,0,正向,,
25cc8235-7376-553b-90c8-21ef43a2860f,https://tw.news.yahoo.com/%E5%A5%BD%E5%B8%82%E5%A4%9A%E7%B6%AD%E7%94%9F%E7%B4%A0%E9%8C%A0-%E9%98%B2%E8%85%90%E5%8A%91-%E9%81%95%E8%A6%8F-1478%E5%85%AC%E6%96%A4%E9%80%80%E9%81%8B%E9%8A%B7%E6%AF%80-085925415.html,好市多維生素錠「防腐劑」違規 1478公斤退運銷毀,"衛福部食藥署今天（18日）公布邊境查驗不合格名單，好市多從加拿大進口的「男性50+年長者綜合維生素錠」被驗出違規添加防腐劑，多達1478.86公斤需銷毀或退運。衛福部食藥署北區管理中心科長陳慶裕表示，「男性50+年長者綜合維生素錠」驗出不得使用的對羥苯甲酸乙酯0.01 g/kg。雖然對羥苯甲酸乙酯是準用的防腐劑，但準用範圍只有豆皮、豆干、醬油和不含碳酸的飲料等可使用，業者輸入的綜合維生素錠產品不在準用範圍。食藥署說，不符規定的綜合維他命一共4200瓶（1478.86公斤），將全數退運或銷毀，沒有流入台灣市場。食藥署說，好市多過去半年進口這項產品高達84批，這次是首次違規，未來將提高抽驗比率從原本的2%到10%、提高到20%到50%。此外，這次還有一款大創紅公司從韓國進口「J.GAO , J.KAOJ.GAO 女神光果凍」為藝人高宇蓁創立的保養品牌，這款產品甜味劑含量不符規定，被檢出甜味劑甜菊糖0.01 g/kg。甜菊糖為準用甜味劑，但不能用於果凍，因此多達2765公斤商品依規定退運或銷毀。",,台灣,新聞,Yahoo,新聞,2023/4/18,16:59:25,,,0,0,0,0,0,0,0,中立,,
220ab144-a870-5774-85ea-6fa75a2c99e6,https://bccnews.com.tw/archives/427928,好市多維生素錠「防腐劑」違規　1478公斤退運銷毀,"衛福部食藥署今天（18日）公布邊境查驗不合格名單，好市多從加拿大進口的「男性50+年長者綜合維生素錠」被驗出違規添加防腐劑，多達1478.86公斤需銷毀或退運。衛福部食藥署北區管理中心科長陳慶裕表示，「男性50+年長者綜合維生素錠」驗出不得使用的對羥苯甲酸乙酯0.01 g/kg。雖然對羥苯甲酸乙酯是準用的防腐劑，但準用範圍只有豆皮、豆干、醬油和不含碳酸的飲料等可使用，業者輸入的綜合維生素錠產品不在準用範圍。食藥署說，不符規定的綜合維他命一共4200瓶（1478.86公斤），將全數退運或銷毀，沒有流入台灣市場。食藥署說，好市多過去半年進口這項產品高達84批，這次是首次違規，未來將提高抽驗比率從原本的2%到10%、提高到20%到50%。此外，這次還有一款大創紅公司從韓國進口「J.GAO , J.KAOJ.GAO 女神光果凍」為藝人高宇蓁創立的保養品牌，這款產品甜味劑含量不符規定，被檢出甜味劑甜菊糖0.01 g/kg。甜菊糖為準用甜味劑，但不能用於果凍，因此多達2765公斤商品依規定退運或銷毀。",,台灣,新聞,中廣,生活,2023/4/18,16:59:25,,,0,0,0,0,0,0,0,中立,,
f6c2f9e4-df1f-55a4-a698-1556255e8573,https://life.tw/?app=view&no=1936250,好市多維生素錠「防腐劑」違規　1478公斤退運銷毀,"衛福部食藥署今天（18日）公布邊境查驗不合格名單，好市多從加拿大進口的「男性50+年長者綜合維生素錠」被驗出違規添加防腐劑，多達1478.86公斤需銷毀或退運。衛福部食藥署北區管理中心科長陳慶裕表示，「男性50+年長者綜合維生素錠」驗出不得使用的對羥苯甲酸乙酯0.01 g/kg。雖然對羥苯甲酸乙酯是準用的防腐劑，但準用範圍只有豆皮、豆干、醬油和不含碳酸的飲料等可使用，業者輸入的綜合維生素錠產品不在準用範圍。食藥署說，不符規定的綜合維他命一共4200瓶（1478.86公斤），將全數退運或銷毀，沒有流入台灣市場。食藥署說，好市多過去半年進口這項產品高達84批，這次是首次違規，未來將提高抽驗比率從原本的2%到10%、提高到20%到50%。此外，這次還有一款大創紅公司從韓國進口「J.GAO , J.KAOJ.GAO 女神光果凍」為藝人高宇蓁創立的保養品牌，這款產品甜味劑含量不符規定，被檢出甜味劑甜菊糖0.01 g/kg。甜菊糖為準用甜味劑，但不能用於果凍，因此多達2765公斤商品依規定退運或銷毀。",,台灣,新聞,LIFE生活網,生活情報,2023/4/18,16:59:00,,,0,0,0,0,0,0,0,中立,,
906fc32d-673b-5688-b7a7-b6455c0d6cc0,http://news.pchome.com.tw/politics/nownews/20230418/index-68180790707789207001.html,死人骨頭說惹議！薛瑞元：天龍國人聽不懂,衛福部長薛瑞元日前出席嘉義高中校慶時提到，「立法院啥米死人骨頭攏有」引發爭議。（圖／記者許若茵攝，2023.04.18）[NOWnews今日新聞]衛福部長薛瑞元日前出席嘉義高中校慶時提到，「立法院啥米死人骨頭攏有」引發爭議，今（18）日薛強調，這句話對事、對物、不對人，「某些天龍國的人聽不懂台語」過度引申，他也不計較，若要稱藐視國會「我想就大可不必」。今立法院國民黨團召開記者會，痛斥薛瑞元15日出席嘉義高中校慶，致詞時說出「立法院什麼死人骨頭攏有」口無遮攔、藐視、羞辱國會。對此，今下午薛瑞元受訪時稱「我其實不太想回答」，他解釋，當時是在嘉義高中對母校學弟妹、嘉義鄉親致詞，意思是因為在立院不是什麼都懂，而立院問的問題是「什麼死人骨頭都有」，什麼問題都會被問到，要有邏輯思維才能回答，這句話對事對物不對人。薛瑞元也提到，當時說完這句話後，大家哄堂大笑，包含在場的立委蔡易餘、新北市長侯友宜，沒有人感受到冒犯，但是「某些天龍國的人聽不懂台語」，過度引申成為藐視國會，「我也是不計較」，他們不是我演說對象，沒有辦法強迫他們懂，但說藐視國會「我想就大可不必」。相關新聞 流感再增12例重症！10人「未打疫苗」 危險徵兆曝  猴痘單週暴增15例「水泡膿疱紅疹」 下月2萬瓶疫苗到貨 好市多「綜合維生素錠」防腐劑不合格 1478公斤退運銷毀,,台灣,新聞,PChome 新聞,政治,2023/4/18,16:51:47,,,0,0,0,0,0,0,0,負向,,
12ef15ad-aaf2-593a-bf91-dbcf97f0d034,https://www.taiwannews.com.tw/ch/news/4867206,好市多綜合維生素錠含禁用防腐劑　韓國進口的女神光果凍檢出甜味劑違規,"（台灣英文新聞／朱明珠　台北報導）食藥署今（18）日公布邊境查驗不合格名單，好市多進口的綜合維生素錠違規添加防腐劑，多達1,478.86公斤需銷毀或退運。另有一批自中國進口的「花椒」被檢出重金屬鉛超標達8倍。衛生福利部食品藥物管理署今天公布最新邊境檢驗不合格名單，共有17項檢驗不合格產品，其中包含好市多公司進口的加拿大「WEBBER NATURALS男性50+年長者綜合維生素錠 MEN'S 50+ MOST COMPLETE MULTI」檢出防腐劑對羥苯甲酸乙酯 0.01 g/kg。衛福部食藥署北區管理中心科長陳慶裕說，羥苯甲酸乙酯的準用範圍只有豆皮、豆干、醬油和不含碳酸的飲料等可使用，不適用添加於綜合維生素錠。陳慶裕說，此批為半年來，首次出現加拿大輸入綜合維生素錠違規，亦是這家業者是第一次在邊境查驗中檢出不合格的綜合維生素錠，未來將會將這名業者從加拿大進口的綜合維生素錠產品提高至20至50％的加強檢驗。其他不合格名單中，還有一批由大創紅公司從韓國進口的「J.GAO , J.KAOJ.GAO 女神光果凍」，為這是藝人高宇蓁自創的高端保養品牌，被檢出不能使用於果凍的甜味劑甜菊醣0.01 g/kg、Rebaudioside A 2.33 g/kg及Rebaudioside B 0.03 g/kg，共計2,765公斤不符合商品依規定退運或銷毀。另有一批自中國進口共912.5公斤的「花椒」被檢出重金屬鉛15.2 mg/kg，依業者提供說明文件之乾燥率換算後，生鮮花椒含重金屬鉛2.4 mg/kg，一口氣重金屬鉛超標達8倍之多（限量為0.3 mg/kg）。",,台灣,國外新聞,Taiwan News Online,食安健康,2023/4/18,16:26:00,,,0,0,0,0,0,0,0,中立,,
653f13d0-2dc0-5e4d-a9f1-6f66d3413466,https://n.yam.com/Article/20230418596397,問ChatGPT你長怎樣？它竟公開「超帥真面目」！自信稱：我腿很長,AI人工智慧發展日新月異，聊天機器人ChatGPT推出後更是風靡全球，不少人都忍不住與它進行聊天，甚至對它提出各種異想天開的問題。近日，一名網友好奇詢問ChatGPT：「你希望自己長怎樣？」不料對方竟自信回應：「我的腿很長」，而ChatGPT的超帥真面目曝光後也讓網友全看呆。▲ChatGPT對於自己外貌的描述 。（圖／翻攝自臉書／ChatGPT 生活運用）《蘋果仁》創辦人Joey Lu在臉書社團「ChatGPT 生活運用」發文表示，日前他詢問ChatGPT，「你長什麼樣子？假設你有一個外觀，鉅細靡遺地描繪你的外貌形象」，ChatGPT立即回答：「我可能會有銀色的外觀，與機器人類似，頭是橢圓形的，眼睛的LED燈會隨著情緒變換顏色，體內有一個內置的揚聲器，可以透過嘴巴說話、交流」。▲AI繪圖Midjourney程式所呈現的ChatGPT樣貌。（圖／翻攝自臉書／ChatGPT 生活運用）ChatGPT認為，它的身體細長且強壯，靈活度很好，手臂和手指可以配備任何精密的工具，腿很長且敏捷，可以像人一樣行走或是奔跑，接著原PO將這段描述輸入AI繪圖Midjourney程式，下一秒出現的樣貌竟神似電影《復仇者聯盟》的奧創及《機械公敵》裡充滿未來感的機器人。照片一出後，許多網友紛紛留言直喊：「也太帥了吧」、「蠻帥的，真的很像奧創」、「就機械公敵的基底啊，再上去就變生化人了」、「超液態金屬」、「科幻驚悚片的味道」、「看起來就會造反」，但也有網友笑稱：「是電影看太多吧」、「它會呈現這樣，就是因為網路上人類給它的樣子啊」、「這硬要說，應該是Midjourney的模型所理解的ChatGPT的長相，而不是GPT自己理解的」。更多eNews報導食藥署抓包農藥超標！好市多賣「這款維生素」違規　1478公斤全銷毀聽力慘剩30％！資深女星「流血、耳膜破」驚罹耳中風　再吐崩潰噩耗蕃新聞推薦影片,,台灣,新聞,yam蕃薯藤,即時新聞,2023/4/18,16:16:00,,,0,0,0,0,0,0,0,中立,,
e6097852-d7af-5bbb-8536-dc84b8c0569a,https://n.yam.com/Article/20230418942189,快訊／馬國賢「現身南港戶政事務所」登記結婚！本人證實,52歲藝人馬國賢情史豐富，出道至今有過不少緋聞，不過日前他也終於被直擊與圈外女友穩定交往、好事將近，直到今年4月間更是於臉書上曬出婚戒照寫道：「老男孩」、「馬家喜事」等語，承認自己已求婚成功。沒想到，馬國賢今（18）日中午被爆料，指出他人正於台北市南港區戶政事務所登記結婚，而經《ENews新聞網》記者向其經紀人查證得知，馬國賢確定正式成為人夫，本人則開心表示：「今天是好日子！」▲馬國賢證實，今（18）日已正式與圈外女友登記結婚！（圖／翻攝自臉書／馬國賢）馬國賢過去以「紅孩兒」成員身分出道，至今仍活躍於各大節目，情史豐富的他至今談過6、7段感情，交往時間最長長達20年，也曾與楊繡惠、蔡允潔等女星傳過緋聞，但感情空窗期其實已長達7、 8年之久。不過，有週刊今年初爆料聲稱，馬國賢身邊疑似出現了新的交往對象，對方為一名小自己20歲的韓文老師、目前在台灣授課，兩人則是透過朋友介紹認識，並以結婚為前提交往，至今感情穩定且已達成結婚共識。▲馬國賢今（18）日中午被目擊前往南港戶政事務所登記結婚。（圖／艾迪昇提供）沒想到，小倆口如今也順利修成正果，而馬國賢稍早則透過經紀公司表示：「原本想要在5月前登記，但好日子都滿了，不然就是排了工作，剛好今天有空檔，加上又是好日子，就到事務所登記了。」更多eNews報導一聲巨響！國1堤頂高架橋「廂型車燒成火球」　恐怖黑煙竄天際食藥署抓包農藥超標！好市多賣「這款維生素」違規　1478公斤全銷毀蕃新聞推薦影片,,台灣,新聞,yam蕃薯藤,即時新聞,2023/4/18,16:06:00,,,0,0,0,0,0,0,0,正向,,
d4dd217a-6da3-5e4d-baf1-5864b4b28662,https://health.tvbs.com.tw/medical/339058,好市多綜合維他命含禁用防腐劑 4200瓶全銷毀！藝人自創保健果凍違規,國人愛吃保健食品、維他命，不過食品藥物管理署今天（4/18）公布的最新邊境檢驗不符食品資訊，赫然出現由知名賣場好市多引進的綜合維生素錠含有防腐劑「羥苯甲酸乙酯」，總計1478.86公斤、4200瓶產品得依規定退運或銷毀；另一款藝人自創品牌的「女神光果凍」，則被一口氣檢出3款甜味劑違規，其中2款是國內禁用的添加劑。出含有2款國內禁用的添加劑。半年內進口84批維他命 首次被抓包食藥署今天一口氣公布17項邊境檢驗不符食品資訊，當中1件由知名美式賣場「好市多股份有限公司」，自加拿大進口的「WEBBER NATURALS男性50+年長者綜合維生素錠」被驗出禁用防腐劑「羥苯甲酸乙酯」。看更多：日本草莓又出包 近1噸農藥違規不得入境！韓國農心泡麵檢出致癌物 中國猴頭菇也退運食藥署北區管理中心科長陳慶裕表示，該款綜合維生素錠在半年內已進口84批，這次是違規是首例，針對此次違規，食藥署將提高該產品抽驗比率，由原本的2％~10％提升到20％~50％。陳慶裕科長說明，據業者聲稱，該款產品的對羥苯甲酸乙酯，是來自合成的番茄紅素，添加於該產品原料的tomato pomace（skin and seed）當中，但根據《食品添加物使用範圍及限量暨規格標準》，對羥苯甲酸乙酯只准用於豆皮、豆干、醬油、醋、不含碳酸飲料，鮮果果菜外皮等，不得使用於膠囊錠劑，因此這項維他命產品共1478.86公斤須全數退運或銷毀。藝人高宇蓁創立的保養品牌 3款甜味劑違規本周公布的邊境違規名單中，還有一項由藝人高宇蓁創立的保養品牌「大創紅公司」，從韓國進口的「J.GAO  J.KAOJ.GAO 女神光果凍」，被檢出3款甜味劑違規，都是不得使用於果凍食品或禁止使用的甜味劑，包括「甜菊糖」、「Rebaudioside A」和「Rebaudioside B」，全數果凍產品共2765公斤已退運銷毀。看更多：2023最新！如何避免吃到農藥殘留？美國15種乾淨蔬果排名出爐「它」奪冠本周邊境食品查驗清單上，中國共上榜8品項，其中一款由「漢馨企業有限公司」自中國進口的「花椒」，製造商為「青島瑞祥源農產品有限公司」，被檢出重金屬鉛超出限量；2批「小茴香粉」檢出陶斯松違規，是中國同一製造廠，台灣的進口商分別為「漢馨企業有限公司」和「六豐生物科技有限公司」。陳慶裕表示，業者在2年前輸入同號列的花椒產品也有不合格問題，當時食藥署就已將該款產品的抽驗比率提高到百分之百，目前仍維持。另有3批從中國進口的「辣椒粉」總量達1萬1000公斤、「辣椒片」1萬公斤，都是由「閤香有限公司」進口，檢出國內禁用的蘇丹色素3號；由「鴻安農業科技股份有限公司」進口2萬7600公斤的「鮮南瓜」則檢出殘留農藥派滅芬超標。食器部分，「悅朋實業有限公司」進口的「餐盤」448.8公斤、「森詳實業有限公司」進口的「孟宗煎匙」245公斤，都在溶出試驗中發現溶出物超標，全數遭退運銷毀，不得入境。看更多：體內有重金屬怎麼辦？改善腸道可減少重金屬危害！「這招」強化解毒功能◎ 圖片來源／食藥署提供◎ 資料來源．諮詢專家／食藥署．陳慶裕科長→健康資訊不漏接！點我加入【健康2.0 LINE好友】【FB粉絲頁】【下載APP】,,台灣,新聞,TVBS健康2.0,醫療,2023/4/18,16:03:23,,,0,0,0,0,0,0,0,中立,,
611796e3-3cde-5235-a5c7-cf000b246def,https://n.yam.com/Article/20230418581005,ChatGPT手機版要來了？OpenAI「最新招聘公告」疑洩端倪,美國研發團隊OpenAI開發的聊天機器人ChatGPT席捲全球，但官方目前仍以網頁使用為主，然而根據OpenAI最近發布的招聘公告，該公司正尋求招募iOS和Android軟體工程師，外界瘋猜OpenAI的下一步，可能將開發ChatGPT的手機應用程式，預計不久後將會進軍手機市場。▲瘋傳Open AI即將推出ChatGPT的手機APP。（圖／Shutterstock）儘管市面上已有許多聲稱為ChatGPT應用程式的產品，但這些均由第三方開發者利用ChatGPT API打造，並非官方推出。其中的部分App更存在詐騙風險，對用戶造成安全隱患。有鑒於此，OpenAI正全力研發官方版本的ChatGPT手機應用，以確保用戶在使用過程中能獲得更安全、可靠的體驗。▲目前ChatGPT官方只有網頁版。（圖／Shutterstock）外媒報導指出，ChatGPT結合微軟旗下的搜尋引擎Bing之後，目前已對Google的搜尋業務發展造成莫大影響，和Google已合作逾十年的韓國三星甚至傳出正考慮將內建搜尋引擎改為Bing。Google近期傳出正積極研究新的人工智慧相關技術，目前已成立一個名為「Magi」的專案，該專案旨在為搜尋引擎增加AI科技，以提供更加個人化的使用體驗。據傳，Google的「Magi」專案已有上百位員工參與，預計將在今年的I/O開發者大會上展示部分功能，並於秋季正式推出。隨著ChatGPT在手機市場的布局與Google的神秘專案進行，兩者之間的競爭加劇，未來人工智能市場將更加精彩可期。更多eNews報導食藥署抓包農藥超標！好市多賣「這款維生素」違規　1478公斤全銷毀聽力慘剩30％！資深女星「流血、耳膜破」驚罹耳中風　再吐崩潰噩耗蕃新聞推薦影片,,台灣,新聞,yam蕃薯藤,即時新聞,2023/4/18,16:02:00,,,0,0,0,0,0,0,0,中立,,
e91f0995-9369-527e-bc45-621f46d203f1,https://www.facebook.com/100064378161910/posts/608040524685214/,,農藥超標😵好市多「1款維生素」違規了～通通銷毀～,,台灣,綠營側翼,臉書,ENews 快新聞,2023/4/18,16:00:01,ENews 快新聞,,0,1,15,0,0,0,0,負向,,
b9bf6ee5-9a08-56e9-aa0c-69baffde6a69,https://tw.news.yahoo.com/%E5%A5%BD%E5%B8%82%E5%A4%9A%E7%94%B7%E7%94%A8%E7%B6%AD%E4%BB%96%E5%91%BD%E9%A9%97%E5%87%BA%E7%A6%81%E7%94%A8%E9%98%B2%E8%85%90%E5%8A%91-%E6%95%B4%E6%89%B94200%E7%BD%90%E5%85%A8%E9%8A%B7%E6%AF%80-074543580.html,好市多男用維他命驗出禁用防腐劑！ 整批4200罐全銷毀,記者陳奕劭／綜合報導衛福部食藥署今(19)公布最新邊境檢驗不合格清單，好市多進口的加拿大「男性50＋年長者綜合維生素錠」竟然驗出禁用防腐劑「對羥苯甲酸乙酯」，因此整批4200瓶(1478.86公斤)全部銷毀或退運。食藥署表示，這次是首次違規，未來將提高抽驗比例。好市多男用維他命驗出禁用防腐劑。（圖／食藥署提供）食藥署今日(19)公布最新邊境查驗不合格名單，好市多自加拿大進口的「男性50＋年長者綜合維生素錠」，依照「食品中防腐劑之檢驗方法」，結果驗出「對羥苯甲酸乙酯」0.01 g/kg。食藥署表示，「對羥苯甲酸乙酯」來自茄紅素的添加原物，不得用於保健食品，可用於豆皮豆乾類及醬油，容許量為0.25g/kg以下；醋及不含碳酸飲料的用量是0.10g/kg以下；鮮果及果菜的外皮容許量是0.012g/kg以下。食藥署指出，不符規定的綜合維他命一共4200瓶(1478.86公斤)，將全數退運或銷毀，未流入台灣市場。食藥署說，好市多過去半年進口該產品高達84批，這次是首次違規，未來將提高抽驗比率從原本的2%到10%、提高至20%到50%。※歡迎大家免費下載《中天新聞網》APP,,台灣,新聞,Yahoo,新聞,2023/4/18,15:45:43,,,0,0,0,0,0,0,0,中立,,
62d68ef1-e955-5351-91e3-8859dabeeeb9,https://life.tw/?app=view&no=1936215,好市多男用維他命驗出禁用防腐劑！　整批4200罐全銷毀,記者陳奕劭／綜合報導衛福部食藥署今(19)公布最新邊境檢驗不合格清單，好市多進口的加拿大「男性50＋年長者綜合維生素錠」竟然驗出禁用防腐劑「對羥苯甲酸乙酯」，因此整批4200瓶(1478.86公斤)全部銷毀或退運。食藥署表示，這次是首次違規，未來將提高抽驗比例。好市多男用維他命驗出禁用防腐劑。（圖／食藥署提供）食藥署今日(19)公布最新邊境查驗不合格名單，好市多自加拿大進口的「男性50＋年長者綜合維生素錠」，依照「食品中防腐劑之檢驗方法」，結果驗出「對羥苯甲酸乙酯」0.01 g/kg。食藥署表示，「對羥苯甲酸乙酯」來自茄紅素的添加原物，不得用於保健食品，可用於豆皮豆乾類及醬油，容許量為0.25g/kg以下；醋及不含碳酸飲料的用量是0.10g/kg以下；鮮果及果菜的外皮容許量是0.012g/kg以下。食藥署指出，不符規定的綜合維他命一共4200瓶(1478.86公斤)，將全數退運或銷毀，未流入台灣市場。食藥署說，好市多過去半年進口該產品高達84批，這次是首次違規，未來將提高抽驗比率從原本的2%到10%、提高至20%到50%。※歡迎大家免費下載《中天新聞網》APP,,台灣,新聞,LIFE生活網,生活情報,2023/4/18,15:45:00,,,0,0,0,0,0,0,0,中立,,
63642024-22d5-5b23-985b-2d32137786f1,http://news.pchome.com.tw/politics/nownews/20230418/index-68180281168332207001.html,流感重症+12！10人未打疫苗 危險徵兆曝,疾病管制署今（18）日表示，上週流感再增12例重症，年齡介於40至80多歲，其中10例均未接種本季流感疫苗。（圖／NOWnews資料畫面）[NOWnews今日新聞]疾病管制署今（18）日表示，上週流感再增12例重症，年齡介於40至80多歲，其中10例均未接種本季流感疫苗。疾管署提醒，若有出現呼吸困難、急促、發紺（缺氧）等危險徵兆，請儘速就醫治療。今疾管署表示，上週門急診類流感就診人次上升至5萬1083人次，較前一週上升且高於連假前，可能因連假期間人群接觸影響，整體趨勢高於前3年同期；近4週合約實驗室分離出呼吸道病毒仍以流感病毒為多，其次為腺病毒，其中流感病毒分離以A型H3N2為主，顯示流感等呼吸道病毒持續於社區活動，尚未趨緩。本流感季自去（2022）年10月1日起，根據疾管署統計，截至今昨（17）日流感併發重症病例累計90例，包含70例A型H3N2、15例A型H1N1、1例A型未分型、4例B型，年齡層以65歲以上長者為多，90%未接種本季流感疫苗，80%具慢性病史；其中死亡17例，包含15例A型H3N2、1例A型H1N1、1例B型，88%未接種本季流感疫苗，均具慢性病史。疾管署指出，上週新增12例流感併發重症病例，分別為6例A型H3N2、6例A型H1N1，年齡介於40至80多歲，為9例男性、3例女性，發病日介於4月5日至4月14日，其中有11例分別具糖尿病、心血管疾病、慢性肺病、腎臟疾病、癌症、氣喘、肝臟疾病等慢性病史，10例未接種本季流感疫苗。疾管署提醒，自4月17日起口罩政策鬆綁，由民眾自主決定配戴口罩，不再強制，但目前仍為流感等呼吸道疾病好發季節，請民眾務必做好手部衛生與咳嗽禮節，落實勤洗手、有發燒、咳嗽等類流感症狀戴口罩及生病在家休息等措施，如出現呼吸困難、急促、發紺等危險徵兆，請儘速就醫，並配合醫師指示服藥，以降低併發重症的風險，尤其若是自身及親友為65歲以上長者、嬰幼兒、高風險慢性病人及孕婦等流感高危險群，應特別留意健康狀況。相關新聞 猴痘單週暴增15例「水泡膿疱紅疹」 下月2萬瓶疫苗到貨 好市多「綜合維生素錠」防腐劑不合格 1478公斤退運銷毀 境外、本地汙染物混合 明空品恐達紅色警戒,,台灣,新聞,PChome 新聞,政治,2023/4/18,15:26:51,,,0,0,0,0,0,0,0,負向,,
3910b136-bb5c-591f-8294-7259293d08dd,https://www.facebook.com/100064441129940/posts/620644436760255/,,會到美式賣場買保健食品的民眾要留意了！（#WYC編）🔔【臺視新聞網】全文看這裡👉https://news.ttv.com.tw/news/11204180015500N#食藥署 #綜合維生素錠 #好市多美式賣場維生素錠防腐劑超標 全數退運銷毀-臺視新聞網,,台灣,綠營側翼,臉書,臺視新聞臺,2023/4/18,15:20:02,台視新聞台,,0,2,3,0,0,0,0,中立,,
3910b136-bb5c-591f-8294-7259293d08dd,https://www.facebook.com/218388754144774,會到美式賣場買保健食品的民眾要留意了！（#WYC編）🔔【...,,幹~ 還好  我沒錢！            吃不起~我沒有  受害 🤣~,,綠營側翼,臉書,台視新聞台,2023/4/18,15:37:40,王德 正 (pfbid0y9ZcxDLFUZn5SCmafo39wadJKmBGdGRcs2DcURyMwxXDY7ndQ1sCjS5sDwkgA9PKl),,,,0,0,,,,負向,,
3910b136-bb5c-591f-8294-7259293d08dd,https://www.facebook.com/591394642944114,會到美式賣場買保健食品的民眾要留意了！（#WYC編）🔔【...,,訛詐  斂財  劑！服用後  壽終正寢能  變成~ 木乃伊,,綠營側翼,臉書,台視新聞台,2023/4/18,15:39:07,王德 正 (pfbid0y9ZcxDLFUZn5SCmafo39wadJKmBGdGRcs2DcURyMwxXDY7ndQ1sCjS5sDwkgA9PKl),,,,0,0,,,,中立,,
c249f9df-d534-5125-a242-a61c39064f9e,https://www.facebook.com/100064618364961/posts/599915188839088/,,好市多「1款維生素」農藥超標違規💥,,台灣,綠營側翼,臉書,LIFE 生活網 健康新聞快遞,2023/4/18,15:10:19,LIFE 生活網 健康新聞快遞,,1,1,15,0,0,0,0,負向,,
d97be93f-1277-5292-9330-5a3d55c4637b,https://www.facebook.com/100064834656925/posts/605807171590433/,,食藥署抓包💊超標！好市多「1款維生素」違規💥,,台灣,綠營側翼,臉書,健康世界,2023/4/18,15:08:55,健康世界,,0,1,11,0,0,0,0,負向,,
2d6af19a-a87a-54ea-8c9c-93cacdb00acd,https://tw.news.yahoo.com/%E5%A5%BD%E5%B8%82%E5%A4%9A%E9%80%B2%E5%8F%A3%E7%B6%AD%E4%BB%96%E5%91%BD%E9%98%B2%E8%85%90%E5%8A%91%E8%B6%85%E6%A8%99-%E8%97%9D%E4%BA%BA%E5%93%81%E7%89%8C-%E5%A5%B3%E7%A5%9E%E5%85%89%E6%9E%9C%E5%87%8D-%E6%AA%A2%E5%87%BA%E7%A6%81%E7%94%A8%E7%94%9C%E5%91%B3%E5%8A%91-064449954.html,好市多進口維他命防腐劑超標 藝人品牌「女神光果凍」檢出禁用甜味劑,"[周刊王CTWANT] 食藥署今（18）日公布最新邊境查驗結果，共17項產品不合格，其中藝人高宇蓁自營品牌從韓國進口的「J.GAO , J.KAOJ.GAO 女神光果凍」，被驗出3款甜味劑違規；另外，好市多自加拿大進口的「WEBBER NATURALS男性50+年長者綜合維生素錠」，也被驗出含禁用防腐劑「對羥苯甲酸乙酯」，所有產品均遭退運或銷毀。據了解，韓國進口的「J.GAO , J.KAOJ.GAO 女神光果凍」一盒要價1280元，是「大創紅國際有限公司」旗下產品，該品牌由藝人高宇蓁創立，不料卻被檢出含甜味劑甜菊醣0.01 g／kg、Rebaudioside A 2.33 g／kg及Rebaudioside B 0.03 g／kg，三者均不得用於果凍食品，後兩者更屬我國禁用之添加劑，進口2765公斤均需退運或銷毀。另外，好市多自加拿大進口的「WEBBER NATURALS男性50+年長者綜合維生素錠」，也被檢出含防腐劑對羥苯甲酸乙酯 0.01 g／kg。食藥署表示，業者聲明對羥苯甲酸乙酯係源自合成番茄紅素，添加於原料之tomato pomace （skin and seed），但使用範圍僅限豆類製品，非表列准用之範圍，1478.86公斤也需退運或銷毀。根據食藥署公開資訊，今日公布的違規品項另有2批自中國大陸出口的「小茴香粉」被驗出農藥殘留超標、日本進口的生螢烏賊重金屬超標、美國進口的鮮橙農藥超標、中國大陸進口的辣椒片及辣椒粉含非法定著色劑、泰國進口的蝦醬防腐劑超標、韓國進口的新鮮人蔘農藥不合規定，所有產品都未流入市面。",,台灣,新聞,Yahoo,新聞,2023/4/18,14:44:49,,,0,0,0,0,0,0,0,中立,,
7b0bfd51-98a9-5938-a8e8-94929575fc25,http://news.pchome.com.tw/living/crwant/20230418/index-68180028909427316009.html,好市多進口維他命防腐劑超標 藝人品牌「女神光果凍」檢出禁用甜味劑,"藝人品牌「女神光果凍」檢出禁用甜味劑。（圖／翻攝自食藥署網站）[周刊王CTWANT] 食藥署今（18）日公布最新邊境查驗結果，共17項產品不合格，其中藝人高宇蓁自營品牌從韓國進口的「J.GAO , J.KAOJ.GAO 女神光果凍」，被驗出3款甜味劑違規；另外，好市多自加拿大進口的「WEBBER NATURALS男性50+年長者綜合維生素錠」，也被驗出含禁用防腐劑「對羥苯甲酸乙酯」，所有產品均遭退運或銷毀。據了解，韓國進口的「J.GAO , J.KAOJ.GAO 女神光果凍」一盒要價1280元，是「大創紅國際有限公司」旗下產品，該品牌由藝人高宇蓁創立，不料卻被檢出含甜味劑甜菊醣0.01 g／kg、Rebaudioside A 2.33 g／kg及Rebaudioside B 0.03 g／kg，三者均不得用於果凍食品，後兩者更屬我國禁用之添加劑，進口2765公斤均需退運或銷毀。好市多進口的維他命防腐劑超標。（圖／翻攝自食藥署網站）另外，好市多自加拿大進口的「WEBBER NATURALS男性50+年長者綜合維生素錠」，也被檢出含防腐劑對羥苯甲酸乙酯 0.01 g／kg。食藥署表示，業者聲明對羥苯甲酸乙酯係源自合成番茄紅素，添加於原料之tomato pomace （skin and seed），但使用範圍僅限豆類製品，非表列准用之範圍，1478.86公斤也需退運或銷毀。根據食藥署公開資訊，今日公布的違規品項另有2批自中國大陸出口的「小茴香粉」被驗出農藥殘留超標、日本進口的生螢烏賊重金屬超標、美國進口的鮮橙農藥超標、中國大陸進口的辣椒片及辣椒粉含非法定著色劑、泰國進口的蝦醬防腐劑超標、韓國進口的新鮮人蔘農藥不合規定，所有產品都未流入市面。",,台灣,新聞,PChome 新聞,生活,2023/4/18,14:44:49,,,0,0,0,0,0,0,0,中立,,
b14413bf-46d3-5148-8ca1-8b7f60716880,https://today.line.me/tw/v2/article/DR16OeB,好市多進口維他命防腐劑超標　藝人品牌「女神光果凍」檢出禁用甜味劑,"食藥署今（18）日公布最新邊境查驗結果，共17項產品不合格，其中藝人高宇蓁自營品牌從韓國進口的「J.GAO , J.KAOJ.GAO 女神光果凍」，被驗出3款甜味劑違規；另外，好市多自加拿大進口的「WEBBER NATURALS男性50+年長者綜合維生素錠」，也被驗出含禁用防腐劑「對羥苯甲酸乙酯」，所有產品均遭退運或銷毀。據了解，韓國進口的「J.GAO , J.KAOJ.GAO 女神光果凍」一盒要價1280元，是「大創紅國際有限公司」旗下產品，該品牌由藝人高宇蓁創立，不料卻被檢出含甜味劑甜菊醣0.01 g／kg、Rebaudioside A 2.33 g／kg及Rebaudioside B 0.03 g／kg，三者均不得用於果凍食品，後兩者更屬我國禁用之添加劑，進口2765公斤均需退運或銷毀。另外，好市多自加拿大進口的「WEBBER NATURALS男性50+年長者綜合維生素錠」，也被檢出含防腐劑對羥苯甲酸乙酯 0.01 g／kg。食藥署表示，業者聲明對羥苯甲酸乙酯係源自合成番茄紅素，添加於原料之tomato pomace （skin and seed），但使用範圍僅限豆類製品，非表列准用之範圍，1478.86公斤也需退運或銷毀。根據食藥署公開資訊，今日公布的違規品項另有2批自中國大陸出口的「小茴香粉」被驗出農藥殘留超標、日本進口的生螢烏賊重金屬超標、美國進口的鮮橙農藥超標、中國大陸進口的辣椒片及辣椒粉含非法定著色劑、泰國進口的蝦醬防腐劑超標、韓國進口的新鮮人蔘農藥不合規定，所有產品都未流入市面。",,台灣,新聞,line,生活,2023/4/18,14:44:47,,,0,1,5,0,0,0,0,中立,,
b14413bf-46d3-5148-8ca1-8b7f60716880,https://today.line.me/tw/v2/article/DR16OeB,好市多進口維他命防腐劑超標　藝人品牌「女神光果凍」檢出禁用甜味劑,,又是美式賣場😱😱😱😱,,新聞,line,生活,2023/4/18,23:16:49,Lin (),,,,0,0,,,,中立,,
6b757b53-e2eb-5961-b10b-8b78511eca50,https://www.ctwant.com/article/251161,好市多進口維他命防腐劑超標　藝人品牌「女神光果凍」檢出禁用甜味劑,"食藥署今（18）日公布最新邊境查驗結果，共17項產品不合格，其中藝人高宇蓁自營品牌從韓國進口的「J.GAO , J.KAOJ.GAO 女神光果凍」，被驗出3款甜味劑違規；另外，好市多自加拿大進口的「WEBBER NATURALS男性50+年長者綜合維生素錠」，也被驗出含禁用防腐劑「對羥苯甲酸乙酯」，所有產品均遭退運或銷毀。據了解，韓國進口的「J.GAO , J.KAOJ.GAO 女神光果凍」一盒要價1280元，是「大創紅國際有限公司」旗下產品，該品牌由藝人高宇蓁創立，不料卻被檢出含甜味劑甜菊醣0.01 g／kg、Rebaudioside A 2.33 g／kg及Rebaudioside B 0.03 g／kg，三者均不得用於果凍食品，後兩者更屬我國禁用之添加劑，進口2765公斤均需退運或銷毀。另外，好市多自加拿大進口的「WEBBER NATURALS男性50+年長者綜合維生素錠」，也被檢出含防腐劑對羥苯甲酸乙酯 0.01 g／kg。食藥署表示，業者聲明對羥苯甲酸乙酯係源自合成番茄紅素，添加於原料之tomato pomace （skin and seed），但使用範圍僅限豆類製品，非表列准用之範圍，1478.86公斤也需退運或銷毀。根據食藥署公開資訊，今日公布的違規品項另有2批自中國大陸出口的「小茴香粉」被驗出農藥殘留超標、日本進口的生螢烏賊重金屬超標、美國進口的鮮橙農藥超標、中國大陸進口的辣椒片及辣椒粉含非法定著色劑、泰國進口的蝦醬防腐劑超標、韓國進口的新鮮人蔘農藥不合規定，所有產品都未流入市面。",,台灣,新聞,CTwant,生活,2023/4/18,14:44:47,陳頡,,0,0,0,0,0,0,0,中立,,
d39385f3-a91f-5625-be81-f873f1cb7a0e,http://news.pchome.com.tw/healthcare/evergreen/20230418/index-68179970088571314012.html,好市多進口「1綜合維生素錠」防腐劑含量超標！ 另韓國女神光果凍也檢出甜味劑違規,"食藥署公布最新邊境檢驗不合格名單，共有17項檢驗不合格產品，其中由好市多公司進口的加拿大「WEBBER NATURALS男性50+年長者綜合維生素錠 MEN'S 50+ MOST COMPLETE MULTI」檢出防腐劑含量不符規定。將依規定退運或銷毀。其檢出防腐劑對羥苯甲酸乙酯 0.01 g/kg。依業者聲明對羥苯甲酸乙酯係源自合成番茄紅素，添加於原料之tomato pomace (skin and seed)，依據「食品添加物使用範圍及限量暨規格標準」，非表列准用之範圍，本案不符合食品安全衛生管理法第18條規定。此外，還有一款大創紅公司進口的韓國「J.GAO , J.KAOJ.GAO 女神光果凍（J.KAO GODDESS MIRACLE JELLY）」檢出甜味劑甜菊醣0.01 g/kg、Rebaudioside A 2.33 g/kg及Rebaudioside B 0.03 g/kg；依據「食品添加物使用範圍及限量暨規格標準」，案內產品非甜菊醣、Rebaudioside A及Rebaudioside B准用之食品範圍，本案不符合食品安全衛生管理法第18條規定。而由樂佳光能公司進口的韓國「GRWON FARM CORP.新鮮人蔘(PANAX GINSENG)」也檢出殘留農藥百克敏0.06 ppm，依據「農藥殘留容許量標準」，農藥百克敏定量極限為0.01 ppm，故不符合食品安全衛生管理法第15條規定；另由馥威公司進口的美國「SUNKIST鮮橙(FRESH ORANGES)」則被檢出殘留農藥勃激素A3 0.03 ppm，農藥殘留含量不符規定。因此都將依規定依規定退運或銷毀。",,台灣,新聞,PChome 新聞,健康,2023/4/18,14:35:00,,,0,0,0,0,0,0,0,中立,,
067103d5-45c3-5a9b-b1ff-0a004a9cd8b8,https://tw.news.yahoo.com/%E5%A5%BD%E5%B8%82%E5%A4%9A%E9%80%B2%E5%8F%A3-1%E7%B6%9C%E5%90%88%E7%B6%AD%E7%94%9F%E7%B4%A0%E9%8C%A0-%E9%98%B2%E8%85%90%E5%8A%91%E5%90%AB%E9%87%8F%E8%B6%85%E6%A8%99-%E5%8F%A6%E9%9F%93%E5%9C%8B%E5%A5%B3%E7%A5%9E%E5%85%89%E6%9E%9C%E5%87%8D%E4%B9%9F%E6%AA%A2%E5%87%BA%E7%94%9C%E5%91%B3%E5%8A%91%E9%81%95%E8%A6%8F-063500357.html,好市多進口「1綜合維生素錠」防腐劑含量超標！ 另韓國女神光果凍也檢出甜味劑違規,"食藥署公布最新邊境檢驗不合格名單，共有17項檢驗不合格產品，其中由好市多公司進口的加拿大「WEBBER NATURALS男性50+年長者綜合維生素錠 MEN'S 50+ MOST COMPLETE MULTI」檢出防腐劑含量不符規定。將依規定退運或銷毀。其檢出防腐劑對羥苯甲酸乙酯 0.01 g/kg。依業者聲明對羥苯甲酸乙酯係源自合成番茄紅素，添加於原料之tomato pomace (skin and seed)，依據「食品添加物使用範圍及限量暨規格標準」，非表列准用之範圍，本案不符合食品安全衛生管理法第18條規定。此外，還有一款大創紅公司進口的韓國「J.GAO , J.KAOJ.GAO 女神光果凍（J.KAO GODDESS MIRACLE JELLY）」檢出甜味劑甜菊醣0.01 g/kg、Rebaudioside A 2.33 g/kg及Rebaudioside B 0.03 g/kg；依據「食品添加物使用範圍及限量暨規格標準」，案內產品非甜菊醣、Rebaudioside A及Rebaudioside B准用之食品範圍，本案不符合食品安全衛生管理法第18條規定。而由樂佳光能公司進口的韓國「GRWON FARM CORP.新鮮人蔘(PANAX GINSENG)」也檢出殘留農藥百克敏0.06 ppm，依據「農藥殘留容許量標準」，農藥百克敏定量極限為0.01 ppm，故不符合食品安全衛生管理法第15條規定；另由馥威公司進口的美國「SUNKIST鮮橙(FRESH ORANGES)」則被檢出殘留農藥勃激素A3 0.03 ppm，農藥殘留含量不符規定。因此都將依規定依規定退運或銷毀。",,台灣,新聞,Yahoo,新聞,2023/4/18,14:35:00,,,0,0,0,0,0,0,0,中立,,
accc01f9-f922-5eff-95b7-1491fb5c2987,https://tw.nextapple.com/life/20230418/4CBEB5BCF71C5C05F5DF67D0539165C4,好市多加拿大進口維他命防腐劑超標　4200瓶全退運銷毀,【記者賴昀岫／台北報導】愛去好市多買保健食品的民眾要留意了，衛福部食藥署今（4/18）公布，好市多販售的「WEBBER NATURALS綜合維生素錠」，被檢出不得用於膠囊錠劑類的防腐劑「對羥苯甲酸乙酯」，4200瓶全數退運或銷毀。,,台灣,新聞,壹蘋新聞網,生活,2023/4/18,14:34:00,,,0,0,0,0,0,0,0,中立,,
36de0d16-e04c-502a-99ea-7c0874c0f832,https://ctee.com.tw/news/consume/846167.html,"不符規定 好市多綜合維他命4,200瓶全銷毀",衛福部食藥署今公布最新邊境檢驗不合格清單，好市多進口的加拿大「男性50＋年長者綜合維生素錠」，驗出禁止使用的防腐劑對羥苯甲酸乙酯，因此整批4200瓶（1478.86公斤）全部銷毀或退運。食藥署說，好市多過去半年進口該產品高達84批，這次是首次違規，未來將提高抽驗比例。食藥署今日公布最新邊境查驗不合格名單，好市多自加拿大進口的「男性50＋年長者綜合維生素錠」，依照「食品中防腐劑之檢驗方法」，結果驗出不得使用的對羥苯甲酸乙酯0.01 g/kg。食藥署表示，對羥苯甲酸乙酯來自茄紅素的添加原物，可使用於豆皮豆乾類及醬油，容許量為0.25g／kg以下；醋及不含碳酸飲料的用量是0.10g／kg以下；鮮果及果菜的外皮容許量是0.012g／kg以下，但不得使用於保健食品。食藥署說，不符規定的綜合維他命一共4200瓶（1478.86公斤），將全數退運或銷毀，未流入台灣市場。食藥署說，好市多過去半年進口該產品高達84批，這次是首次違規，未來將提高抽驗比率從原本的2%到10%、提高至20%到50%。（中時新聞網 楊雅婷）,,台灣,新聞,工商時報,消費,2023/4/18,14:31:07,數位編輯,,0,0,0,0,0,0,0,中立,,
1e0eec23-7f54-507b-9532-e615527785ff,https://www.chinatimes.com/realtimenews/20230418002758-260405,好市多維生素、果凍檢出禁用添加劑 食藥署下令銷毀1478公斤,食藥署今公布最新邊境檢驗不符食品資訊，赫然發現由知名賣場好市多引進的綜合維生素錠含有防腐劑「羥苯甲酸乙酯」，總計1478.86公斤產品得依規定退運或銷毀；另一款藝人自創品牌的「女神光果凍」，則被檢出含有2款國內禁用的添加劑，總計抓包2765公斤。食藥署今日公布的邊境檢驗違規品項共17項，其中由好市多股份有限公司引進的「WEBBER NATURALS男性50＋年長者綜合維生素錠（MEN'S 50＋ MOST COMPLETE MULTI）」，因檢出防腐劑「對羥苯甲酸乙酯 0.01 g／kg」違規，該產品是由加拿大「FACTORS GROUP OF NUTRITIONAL COMPANIES INC.」所生產。食藥署北區管理中心科長陳慶裕表示，我國《食品添加物使用範圍及限量暨規格標準》中明訂，對羥苯甲酸乙酯僅能用在豆皮、豆干、醬油、醋等，並不能用在維生素錠，因此必須依規定辦理退運或銷毀。陳慶裕指出，這批違規維生素錠是好市多半年來首次違規，接下來將進一步提升抽檢率，從原先的2～10％調高至20～50％。另一款由藝人創立的品牌「J.GAO J.KAOJ.GAO 女神光果凍」，則被檢出有3款甜味劑違規，陳慶裕說明，這3款甜味劑中有2款在國內禁用，分別是「Rebaudioside A」、「Rebaudioside B」，另一款甜菊醣0.01 g／kg則為准用添加劑。此外，食藥署今公布的違規食品還包含辣椒粉、鮮南瓜、小茴香粉、花椒等，分別被驗出陶斯松、派滅芬等農藥殘留，以及色素超標等。食器方面違規則有大陸進口的餐盤、孟宗煎匙等，都是在溶出試驗時發現有溶出物違規，全數皆依規定辦理退運或銷毀。,,台灣,美國大選八卦,中國時報,生活,2023/4/18,14:28:24,陳人齊,,0,0,0,0,0,0,0,中立,,
726eac44-15eb-5833-b553-6140a608c360,https://m.match.net.tw/mi/news/life/20230418/7275582,好市多維生素、果凍檢出禁用添加劑 食藥署下令銷毀1478公斤,食藥署今公布最新邊境檢驗不符食品資訊，赫然發現由知名賣場好市多引進的綜合維生素錠含有防腐劑「羥苯甲酸乙酯」，總計1478.86公斤產品得依規定退運或銷毀；另一款藝人自創品牌的「女神光果凍」，則被檢出含有2款國內禁用的添加劑，總計抓包2765公斤。食藥署今日公布的邊境檢驗違規品項共17項，其中由好市多股份有限公司引進的「WEBBER NATURALS男性50＋年長者綜合維生素錠（MEN'S 50＋ MOST COMPLETE MULTI）」，因檢出防腐劑「對羥苯甲酸乙酯 0.01 g／kg」違規，該產品是由加拿大「FACTORS GROUP OF NUTRITIONAL COMPANIES INC.」所生產。食藥署北區管理中心科長陳慶裕表示，我國《食品添加物使用範圍及限量暨規格標準》中明訂，對羥苯甲酸乙酯僅能用在豆皮、豆干、醬油、醋等，並不能用在維生素錠，因此必須依規定辦理退運或銷毀。陳慶裕指出，這批違規維生素錠是好市多半年來首次違規，接下來將進一步提升抽檢率，從原先的2～10％調高至20～50％。另一款由藝人創立的品牌「J.GAO  J.KAOJ.GAO 女神光果凍」，則被檢出有3款甜味劑違規，陳慶裕說明，這3款甜味劑中有2款在國內禁用，分別是「Rebaudioside A」、「Rebaudioside B」，另一款甜菊醣0.01 g／kg則為准用添加劑。此外，食藥署今公布的違規食品還包含辣椒粉、鮮南瓜、小茴香粉、花椒等，分別被驗出陶斯松、派滅芬等農藥殘留，以及色素超標等。食器方面違規則有大陸進口的餐盤、孟宗煎匙等，都是在溶出試驗時發現有溶出物違規，全數皆依規定辦理退運或銷毀。,,台灣,新聞,match生活網,生活新聞,2023/4/18,14:28:00,,,0,0,0,0,0,0,0,中立,,
a7aefca4-e610-5085-ae84-3fb1e9d16b21,https://today.line.me/tw/v2/article/DR16jyB,好市多維他命驗出禁用防腐劑　「女神光果凍」檢出違規甜味劑,"食藥署今（18）日公布邊境食品檢驗結果，當中發現，美式賣場好市多從加拿大進口的綜合維生素錠驗出防腐劑，因此一共1478.86公斤全部退運或銷毀；另外藝人自創保養品牌旗下從韓國進口的「女神光果凍」檢出三款甜味劑，其中兩款還是國內禁用添加劑。不少民眾都會到好市多選購保健食品，但是今日食藥署公布的邊境檢驗不合格食品中，有「好市多股份有限公司」從加拿大進口的「WEBBER NATURALS男性50+年長者綜合維生素錠(MEN’S 50+ MOST COMPLETE MULTI)」檢出防腐劑對羥苯甲酸乙酯0.01g/kg，食藥署北區管理中心科長陳慶裕表示，根據國內法規，「羥苯甲酸乙酯」只能用於豆皮、豆干、醬油、醋、不含碳酸飲料以及鮮果跟果菜外皮等5大類，膠囊錠劑是不得使用，因此共1478.86公斤全部退運或銷毀。另外，還有「大創紅公司」從韓國進口的「J.GAO , J.KAOJ.GAO 女神光果凍」，這是藝人高宇蓁自創的保養品牌旗下販賣的商品，不過在邊境檢出甜味劑甜菊醣0.01 g/kg、Rebaudioside A 2.33 g/kg及Rebaudioside B 0.03 g/kg，陳慶裕表示，這三款甜味劑都不能使用於果凍食品，而其中「Rebaudioside A」和「Rebaudioside B」甜味劑更是國內禁止使用，因此全部共2765公斤退運銷毀。",,台灣,新聞,line,生活,2023/4/18,13:22:06,,,0,0,4,0,0,0,0,中立,,
939622af-5a7f-52f6-9abf-44c3e25ea5d9,https://tw.news.yahoo.com/%E5%A5%BD%E5%B8%82%E5%A4%9A%E7%B6%AD%E4%BB%96%E5%91%BD%E9%A9%97%E5%87%BA%E7%A6%81%E7%94%A8%E9%98%B2%E8%85%90%E5%8A%91-%E5%A5%B3%E7%A5%9E%E5%85%89%E6%9E%9C%E5%87%8D-%E6%AA%A2%E5%87%BA%E9%81%95%E8%A6%8F%E7%94%9C%E5%91%B3%E5%8A%91-052205749.html,好市多維他命驗出禁用防腐劑 「女神光果凍」檢出違規甜味劑,"食藥署今（18）日公布邊境食品檢驗結果，當中發現，美式賣場好市多從加拿大進口的綜合維生素錠驗出防腐劑，因此一共1478.86公斤全部退運或銷毀；另外藝人自創保養品牌旗下從韓國進口的「女神光果凍」檢出三款甜味劑，其中兩款還是國內禁用添加劑。不少民眾都會到好市多選購保健食品，但是今日食藥署公布的邊境檢驗不合格食品中，有「好市多股份有限公司」從加拿大進口的「WEBBER NATURALS男性50+年長者綜合維生素錠(MEN’S 50+ MOST COMPLETE MULTI)」檢出防腐劑對羥苯甲酸乙酯0.01g/kg，食藥署北區管理中心科長陳慶裕表示，根據國內法規，「羥苯甲酸乙酯」只能用於豆皮、豆干、醬油、醋、不含碳酸飲料以及鮮果跟果菜外皮等5大類，膠囊錠劑是不得使用，因此共1478.86公斤全部退運或銷毀。另外，還有「大創紅公司」從韓國進口的「J.GAO , J.KAOJ.GAO 女神光果凍」，這是藝人高宇蓁自創的保養品牌旗下販賣的商品，不過在邊境檢出甜味劑甜菊醣0.01 g/kg、Rebaudioside A 2.33 g/kg及Rebaudioside B 0.03 g/kg，陳慶裕表示，這三款甜味劑都不能使用於果凍食品，而其中「Rebaudioside A」和「Rebaudioside B」甜味劑更是國內禁止使用，因此全部共2765公斤退運銷毀。",,台灣,新聞,Yahoo,新聞,2023/4/18,13:22:05,,,0,17,0,0,0,0,0,中立,,
1090398c-5c9e-55a9-91bb-1e39a2230430,https://life.tw/?app=view&no=1935996,好市多維他命驗出禁用防腐劑　「女神光果凍」檢出違規甜味劑,"食藥署今（18）日公布邊境食品檢驗結果，當中發現，美式賣場好市多從加拿大進口的綜合維生素錠驗出防腐劑，因此一共1478.86公斤全部退運或銷毀；另外藝人自創保養品牌旗下從韓國進口的「女神光果凍」檢出三款甜味劑，其中兩款還是國內禁用添加劑。不少民眾都會到好市多選購保健食品，但是今日食藥署公布的邊境檢驗不合格食品中，有「好市多股份有限公司」從加拿大進口的「WEBBER NATURALS男性50+年長者綜合維生素錠(MEN’S 50+ MOST COMPLETEMULTI)」檢出防腐劑對羥苯甲酸乙酯0.01g/kg，食藥署北區管理中心科長陳慶裕表示，根據國內法規，「羥苯甲酸乙酯」只能用於豆皮、豆干、醬油、醋、不含碳酸飲料以及鮮果跟果菜外皮等5大類，膠囊錠劑是不得使用，因此共1478.86公斤全部退運或銷毀。 另外，還有「大創紅公司」從韓國進口的「J.GAO , J.KAOJ.GAO 女神光果凍」，這是藝人高宇蓁自創的保養品牌旗下販賣的商品，不過在邊境檢出甜味劑甜菊醣0.01 g/kg、Rebaudioside A 2.33 g/kg及Rebaudioside B 0.03 g/kg，陳慶裕表示，這三款甜味劑都不能使用於果凍食品，而其中「Rebaudioside A」和「RebaudiosideB」甜味劑更是國內禁止使用，因此全部共2765公斤退運銷毀。 下載新聞APP，找到通關密語拿大獎 加LINE免費刮刮樂，天天拿千元禮券 王思佳首次攜女同框！放手讓女兒做自己",,台灣,新聞,LIFE生活網,生活情報,2023/4/18,13:22:00,,,0,0,0,0,0,0,0,中立,,
ea274ca6-4830-55ca-8f57-94c278237365,https://news.tvbs.com.tw/life/2099376,好市多維他命驗出禁用防腐劑　「女神光果凍」檢出違規甜味劑,"食藥署今（18）日公布邊境食品檢驗結果，當中發現，美式賣場好市多從加拿大進口的綜合維生素錠驗出防腐劑，因此一共1478.86公斤全部退運或銷毀；另外藝人自創保養品牌旗下從韓國進口的「女神光果凍」檢出三款甜味劑，其中兩款還是國內禁用添加劑。不少民眾都會到好市多選購保健食品，但是今日食藥署公布的邊境檢驗不合格食品中，有「好市多股份有限公司」從加拿大進口的「WEBBER NATURALS男性50+年長者綜合維生素錠(MEN’S 50+ MOST COMPLETE MULTI)」檢出防腐劑對羥苯甲酸乙酯0.01g/kg，食藥署北區管理中心科長陳慶裕表示，根據國內法規，「羥苯甲酸乙酯」只能用於豆皮、豆干、醬油、醋、不含碳酸飲料以及鮮果跟果菜外皮等5大類，膠囊錠劑是不得使用，因此共1478.86公斤全部退運或銷毀。 另外，還有「大創紅公司」從韓國進口的「J.GAO , J.KAOJ.GAO 女神光果凍」，這是藝人高宇蓁自創的保養品牌旗下販賣的商品，不過在邊境檢出甜味劑甜菊醣0.01 g/kg、Rebaudioside A 2.33 g/kg及Rebaudioside B 0.03 g/kg，陳慶裕表示，這三款甜味劑都不能使用於果凍食品，而其中「Rebaudioside A」和「Rebaudioside B」甜味劑更是國內禁止使用，因此全部共2765公斤退運銷毀。&nbsp",,台灣,新聞,TVBS新聞網,生活,2023/4/18,13:22:00,,,0,0,0,0,0,0,0,中立,,
4976371e-efea-51a6-a8ac-10f0a7d3157d,https://www.facebook.com/338110993646/posts/10163893618693647/,,喜歡到好市多掃維他命的民眾得當心！食藥署今（18）日公佈最新的每週，邊境檢驗不符食品資訊，當中一款由「好市多股份有限公司」，自加拿大進口的「WEBBER NATURALS男性50+年長者綜合維生素錠」被驗出，不得在該類產品檢出的防腐劑「羥苯甲酸乙酯」，共1478.86公斤產品，得全數退運或銷毀；另外，一款自中國進口的花椒，則驗出重金屬鉛15.2 mg/kg，超過標準值7倍。好市多加拿大進口維他命防腐劑超標！ 1478公斤產品全退運銷毀,,台灣,綠營側翼,臉書,MSN 新聞,2023/4/18,13:20:12,MSN 新聞,,0,0,3,0,0,0,0,中立,,
273133f3-6087-5498-b7d8-79085aeb42c8,https://udn.com/news/story/7266/7105519,美式大賣場維生素錠防腐劑違規 逾1478公斤銷毀,"衛福部食藥署今天公布邊境查驗不合格名單，由知名美式大賣場進口綜合維生素錠違規添加防腐劑，這是半年首次出現加拿大輸入綜合維生素錠違規，多達1478.86公斤需銷毀或退運。衛生福利部食品藥物管理署今天公布最新邊境檢驗不合格名單，共有17項檢驗不合格產品，其中包含好市多公司進口的加拿大「WEBBER NATURALS男性50+年長者綜合維生素錠 MEN'S 50+ MOSTCOMPLETE MULTI」檢出防腐劑含量不符規定。衛福部食藥署北區管理中心科長陳慶裕今天告訴中央社記者，這個不合格的綜合維生素錠檢出防腐劑對羥苯甲酸乙酯0.01 g/kg。雖然羥苯甲酸乙酯是準用的防腐劑，但準用範圍只有豆皮、豆干、醬油和不含碳酸的飲料等可使用，業者輸入的綜合維生素錠產品不在準用範圍。陳慶裕說，這半年以來，這家業者是第一次在邊境查驗中檢出不合格的綜合維生素錠，未來將會將這名業者從加拿大進口的綜合維生素錠產品提高至20至50％的加強檢驗；另外，這也是半年首次出現加拿大輸入綜合維生素錠違規。此外，這次還有一款大創紅公司進口藝人自營的韓國出口「J.GAO , J.KAOJ.GAO 女神光果凍（J.KAOGODDESS MIRACLE JELLY）」被檢出甜味劑含量不符規定，檢出甜味劑甜菊醣0.01 g/kg，多達2765公斤不符合商品依規定退運或銷毀。",,台灣,新聞,聯合新聞網,生活,2023/4/18,13:07:21,,,0,0,0,0,0,0,0,中立,,
b29b5a28-25a2-5967-bba7-7d7fd30a6525,https://www.facebook.com/100064702895237/posts/611153237718101/,,注意‼好市多「維生素」農藥超標1478kg急銷毀,,台灣,綠營側翼,臉書,LIFE 生活網,2023/4/18,13:00:00,LIFE 生活網,,1,1,8,0,0,0,0,中立,,
b8bebbc6-a9a6-5cd2-8dd3-80d355a35710,https://www.chinatimes.com/realtimenews/20230418002568-260405,好市多綜合維他命含禁用防腐劑 4200瓶全銷毀,衛福部食藥署今公布最新邊境檢驗不合格清單，好市多進口的加拿大「男性50＋年長者綜合維生素錠」，驗出禁止使用的防腐劑對羥苯甲酸乙酯，因此整批4200瓶（1478.86公斤）全部銷毀或退運。食藥署說，好市多過去半年進口該產品高達84批，這次是首次違規，未來將提高抽驗比例。食藥署今日公布最新邊境查驗不合格名單，好市多自加拿大進口的「男性50＋年長者綜合維生素錠」，依照「食品中防腐劑之檢驗方法」，結果驗出不得使用的對羥苯甲酸乙酯0.01 g/kg。食藥署表示，對羥苯甲酸乙酯來自茄紅素的添加原物，可使用於豆皮豆乾類及醬油，容許量為0.25g／kg以下；醋及不含碳酸飲料的用量是0.10g／kg以下；鮮果及果菜的外皮容許量是0.012g／kg以下，但不得使用於保健食品。食藥署說，不符規定的綜合維他命一共4200瓶（1478.86公斤），將全數退運或銷毀，未流入台灣市場。食藥署說，好市多過去半年進口該產品高達84批，這次是首次違規，未來將提高抽驗比率從原本的2%到10%、提高至20%到50%。,,台灣,美國大選八卦,中國時報,生活,2023/4/18,12:53:04,楊雅婷,,0,0,0,0,0,0,0,中立,,
49ff0b57-f6d1-50d6-b83c-e058b9de4bf1,https://tw.news.yahoo.com/%E5%A5%BD%E5%B8%82%E5%A4%9A%E7%B6%9C%E5%90%88%E7%B6%AD%E4%BB%96%E5%91%BD%E5%90%AB%E7%A6%81%E7%94%A8%E9%98%B2%E8%85%90%E5%8A%91-4200%E7%93%B6%E5%85%A8%E9%8A%B7%E6%AF%80-045304060.html,好市多綜合維他命含禁用防腐劑 4200瓶全銷毀,衛福部食藥署今公布最新邊境檢驗不合格清單，好市多進口的加拿大「男性50＋年長者綜合維生素錠」，驗出禁止使用的防腐劑對羥苯甲酸乙酯，因此整批4200瓶（1478.86公斤）全部銷毀或退運。食藥署說，好市多過去半年進口該產品高達84批，這次是首次違規，未來將提高抽驗比例。食藥署今日公布最新邊境查驗不合格名單，好市多自加拿大進口的「男性50＋年長者綜合維生素錠」，依照「食品中防腐劑之檢驗方法」，結果驗出不得使用的對羥苯甲酸乙酯0.01 g/kg。食藥署表示，對羥苯甲酸乙酯來自茄紅素的添加原物，可使用於豆皮豆乾類及醬油，容許量為0.25g／kg以下；醋及不含碳酸飲料的用量是0.10g／kg以下；鮮果及果菜的外皮容許量是0.012g／kg以下，但不得使用於保健食品。食藥署說，不符規定的綜合維他命一共4200瓶（1478.86公斤），將全數退運或銷毀，未流入台灣市場。食藥署說，好市多過去半年進口該產品高達84批，這次是首次違規，未來將提高抽驗比率從原本的2%到10%、提高至20%到50%。,,台灣,新聞,Yahoo,健康,2023/4/18,12:53:04,,,0,0,0,0,0,0,0,中立,,
6c5bdcf7-0038-5a2d-a6e4-a16ae77ef1c8,https://m.match.net.tw/mi/news/life/20230418/7275394,好市多綜合維他命含禁用防腐劑 4200瓶全銷毀,衛福部食藥署今公布最新邊境檢驗不合格清單，好市多進口的加拿大「男性50＋年長者綜合維生素錠」，驗出禁止使用的防腐劑對羥苯甲酸乙酯，因此整批4200瓶（1478.86公斤）全部銷毀或退運。食藥署說，好市多過去半年進口該產品高達84批，這次是首次違規，未來將提高抽驗比例。食藥署今日公布最新邊境查驗不合格名單，好市多自加拿大進口的「男性50＋年長者綜合維生素錠」，依照「食品中防腐劑之檢驗方法」，結果驗出不得使用的對羥苯甲酸乙酯0.01 g/kg。食藥署表示，對羥苯甲酸乙酯來自茄紅素的添加原物，可使用於豆皮豆乾類及醬油，容許量為0.25g／kg以下；醋及不含碳酸飲料的用量是0.10g／kg以下；鮮果及果菜的外皮容許量是0.012g／kg以下，但不得使用於保健食品。食藥署說，不符規定的綜合維他命一共4200瓶（1478.86公斤），將全數退運或銷毀，未流入台灣市場。食藥署說，好市多過去半年進口該產品高達84批，這次是首次違規，未來將提高抽驗比率從原本的2%到10%、提高至20%到50%。,,台灣,新聞,match生活網,生活新聞,2023/4/18,12:53:00,,,0,0,0,0,0,0,0,中立,,
3bfcdb8a-85cc-554a-9104-4fbd4843b064,https://www.ettoday.net/news/20230418/2481303.htm,好市多進口維他命防腐劑超標！藝人自營「女神光果凍」含禁用甜味劑,"▲藝人創立品牌從韓國進口的「J.GAO , J.KAOJ.GAO 女神光果凍」。（圖／翻攝食藥署網站）記者嚴云岑／台北報導食藥署今（18）日公布最新一周邊境查驗結果，共17項產品不合格，其中由藝人創立品牌從韓國進口的「J.GAO , J.KAOJ.GAO 女神光果凍」被驗出3款甜味劑違規；另外，好市多自加拿大進口的「WEBBER NATURALS男性50+年長者綜合維生素錠」，也被驗出禁用防腐劑，所有產品都遭退運或銷毀。大創紅公司為藝人高宇蓁自創的高端保養品牌，其自韓國進口、一盒要價1280元的「J.GAO , J.KAOJ.GAO 女神光果凍」被檢出3款甜味劑違規，分別為甜菊醣0.01 g/kg、Rebaudioside A 2.33 g/kg及Rebaudioside B 0.03 g/kg，三者均不得用於果凍食品，後兩者更是我國禁用，進口2765公斤全需退運或銷毀。另外，好市多自加拿大進口的「WEBBER NATURALS男性50+年長者綜合維生素錠」，也被檢出防腐劑對羥苯甲酸乙酯 0.01 g/kg。食藥署科長陳慶裕表示，該防腐劑源自合成番茄紅素是我國准用品項，但使用範圍僅限於豆類製品，依據「食品添加物使用範圍及限量暨規格標準」，非表列准用之範圍，本案不符合食品安全衛生管理法第18條規定，1478.86公斤也需退運或銷毀。食藥署今日公布違規品項中，另有兩批自中國大陸出口的「小茴香粉」被驗出農藥殘留超標，菲律賓出口的「蜜意坊-純白之華(Medium棉花糖）」也被驗出漂白劑二氧化硫不符規定，所有產品都未流入市面。▼好市多自加拿大進口的「WEBBER NATURALS男性50+年長者綜合維生素錠」，也被驗出禁用防腐劑。（圖／翻攝食藥署網站）",,台灣,新聞,Ettoday新聞雲,ETtoday新聞雲,2023/4/18,12:48:00,嚴云岑,,0,0,0,0,0,0,0,負向,,
2777c548-e0fd-5a9c-90be-95a93d51362a,https://www.facebook.com/273192132868/posts/10159741210117869/,,注意⚠️好市多維生素驗出農藥超標1478kg急銷毀,,台灣,綠營側翼,臉書,LIFE 生活網 鄉民食堂,2023/4/18,12:44:24,LIFE 生活網 鄉民食堂,,4,2,53,0,0,0,0,中立,,
b56e23ee-a21c-5cc5-a362-a64952b8a053,https://tw.news.yahoo.com/%E5%A5%BD%E5%B8%82%E5%A4%9A%E5%8A%A0%E6%8B%BF%E5%A4%A7%E9%80%B2%E5%8F%A3%E7%B6%AD%E4%BB%96%E5%91%BD%E9%98%B2%E8%85%90%E5%8A%91%E9%81%95%E8%A6%8F-%E9%8A%B7%E6%AF%801478%E5%85%AC%E6%96%A4-043611548.html,好市多加拿大進口維他命防腐劑違規 銷毀1478公斤,"衛生福利部食品藥物管理署今天公布邊境查驗不合格名單，由知名美式大賣場進口綜合維生素錠違規添加防腐劑，這是半年首次出現加拿大輸入綜合維生素錠違規，多達1478.86公斤需銷毀或退運。食藥署公布最新邊境檢驗不合格名單，共有17項檢驗不合格產品，其中包含好市多公司進口的加拿大「WEBBER NATURALS男性50+年長者綜合維生素錠 MEN'S 50+ MOST COMPLETE MULTI」檢出防腐劑含量不符規定。食藥署北區管理中心科長陳慶裕表示，這個不合格的綜合維生素錠檢出防腐劑對羥苯甲酸乙酯0.01 g／kg。雖然羥苯甲酸乙酯是準用的防腐劑，但準用範圍只有豆皮、豆干、醬油和不含碳酸的飲料等可使用，業者輸入的綜合維生素錠產品不在準用範圍。他說，這半年以來，這家業者是第一次在邊境查驗中檢出不合格的綜合維生素錠，未來將會將這名業者從加拿大進口的綜合維生素錠產品提高至20至50％的加強檢驗；另外，這也是半年首次出現加拿大輸入綜合維生素錠違規。此外，這次還有一款大創紅公司進口藝人自營的韓國出口「J.GAO , J.KAOJ.GAO 女神光果凍（J.KAO GODDESS MIRACLE JELLY）」被檢出甜味劑含量不符規定，檢出甜味劑甜菊醣0.01 g／kg，多達2765公斤不符合商品依規定退運或銷毀。（責任主編：莊儱宇）",,台灣,新聞,Yahoo,健康,2023/4/18,12:36:11,,,0,5,0,0,0,0,0,中立,,
85a87be4-6506-5c3f-b921-cdc78014ee4c,http://news.pchome.com.tw/living/cna/20230418/index-16817921507918818009.html,美式大賣場維生素錠防腐劑違規 逾1478公斤銷毀,"衛福部食藥署今天公布邊境查驗不合格名單，由知名美式大賣場進口綜合維生素錠違規添加防腐劑，這是半年首次出現加拿大輸入綜合維生素錠違規，多達1478.86公斤需銷毀或退運。衛生福利部食品藥物管理署今天公布最新邊境檢驗不合格名單，共有17項檢驗不合格產品，其中包含好市多公司進口的加拿大「WEBBER NATURALS男性50+年長者綜合維生素錠 MEN'S 50+ MOST COMPLETE MULTI」檢出防腐劑含量不符規定。衛福部食藥署北區管理中心科長陳慶裕今天告訴中央社記者，這個不合格的綜合維生素錠檢出防腐劑對羥苯甲酸乙酯0.01 g/kg。雖然羥苯甲酸乙酯是準用的防腐劑，但準用範圍只有豆皮、豆干、醬油和不含碳酸的飲料等可使用，業者輸入的綜合維生素錠產品不在準用範圍。陳慶裕說，這半年以來，這家業者是第一次在邊境查驗中檢出不合格的綜合維生素錠，未來將會將這名業者從加拿大進口的綜合維生素錠產品提高至20至50％的加強檢驗；另外，這也是半年首次出現加拿大輸入綜合維生素錠違規。此外，這次還有一款大創紅公司進口藝人自營的韓國出口「J.GAO , J.KAOJ.GAO 女神光果凍（J.KAO GODDESS MIRACLE JELLY）」被檢出甜味劑含量不符規定，檢出甜味劑甜菊醣0.01 g/kg，多達2765公斤不符合商品依規定退運或銷毀。",,台灣,新聞,PChome 新聞,生活,2023/4/18,12:29:10,,,0,0,0,0,0,0,0,中立,,
eec16a9d-91b6-5765-b9b1-846b23b0acd6,https://tw.news.yahoo.com/%E7%BE%8E%E5%BC%8F%E5%A4%A7%E8%B3%A3%E5%A0%B4%E7%B6%AD%E7%94%9F%E7%B4%A0%E9%8C%A0%E9%98%B2%E8%85%90%E5%8A%91%E9%81%95%E8%A6%8F-%E9%80%BE1478%E5%85%AC%E6%96%A4%E9%8A%B7%E6%AF%80-042910171.html,美式大賣場維生素錠防腐劑違規 逾1478公斤銷毀,"（中央社記者陳婕翎台北18日電）衛福部食藥署今天公布邊境查驗不合格名單，由知名美式大賣場進口綜合維生素錠違規添加防腐劑，這是半年首次出現加拿大輸入綜合維生素錠違規，多達1478.86公斤需銷毀或退運。衛生福利部食品藥物管理署今天公布最新邊境檢驗不合格名單，共有17項檢驗不合格產品，其中包含好市多公司進口的加拿大「WEBBER NATURALS男性50+年長者綜合維生素錠 MEN'S 50+ MOST COMPLETE MULTI」檢出防腐劑含量不符規定。衛福部食藥署北區管理中心科長陳慶裕今天告訴中央社記者，這個不合格的綜合維生素錠檢出防腐劑對羥苯甲酸乙酯0.01 g/kg。雖然羥苯甲酸乙酯是準用的防腐劑，但準用範圍只有豆皮、豆干、醬油和不含碳酸的飲料等可使用，業者輸入的綜合維生素錠產品不在準用範圍。陳慶裕說，這半年以來，這家業者是第一次在邊境查驗中檢出不合格的綜合維生素錠，未來將會將這名業者從加拿大進口的綜合維生素錠產品提高至20至50％的加強檢驗；另外，這也是半年首次出現加拿大輸入綜合維生素錠違規。此外，這次還有一款大創紅公司進口藝人自營的韓國出口「J.GAO , J.KAOJ.GAO 女神光果凍（J.KAO GODDESS MIRACLE JELLY）」被檢出甜味劑含量不符規定，檢出甜味劑甜菊醣0.01 g/kg，多達2765公斤不符合商品依規定退運或銷毀。（編輯：龍柏安）1120418",,台灣,新聞,Yahoo,健康,2023/4/18,12:29:10,,,0,1,0,0,0,0,0,中立,,
6f69f653-230a-5bfb-a56a-5d10c7bd4d16,https://www.cna.com.tw/news/ahel/202304180099.aspx,美式大賣場維生素錠防腐劑違規 逾1478公斤銷毀,"（中央社記者陳婕翎台北18日電）衛福部食藥署今天公布邊境查驗不合格名單，由知名美式大賣場進口綜合維生素錠違規添加防腐劑，這是半年首次出現加拿大輸入綜合維生素錠違規，多達1478.86公斤需銷毀或退運。衛生福利部食品藥物管理署今天公布最新邊境檢驗不合格名單，共有17項檢驗不合格產品，其中包含好市多公司進口的加拿大「WEBBER NATURALS男性50+年長者綜合維生素錠 MEN'S 50+ MOST COMPLETE MULTI」檢出防腐劑含量不符規定。衛福部食藥署北區管理中心科長陳慶裕今天告訴中央社記者，這個不合格的綜合維生素錠檢出防腐劑對羥苯甲酸乙酯0.01 g/kg。雖然羥苯甲酸乙酯是準用的防腐劑，但準用範圍只有豆皮、豆干、醬油和不含碳酸的飲料等可使用，業者輸入的綜合維生素錠產品不在準用範圍。陳慶裕說，這半年以來，這家業者是第一次在邊境查驗中檢出不合格的綜合維生素錠，未來將會將這名業者從加拿大進口的綜合維生素錠產品提高至20至50％的加強檢驗；另外，這也是半年首次出現加拿大輸入綜合維生素錠違規。此外，這次還有一款大創紅公司進口藝人自營的韓國出口「J.GAO , J.KAOJ.GAO 女神光果凍（J.KAO GODDESS MIRACLE JELLY）」被檢出甜味劑含量不符規定，檢出甜味劑甜菊醣0.01 g/kg，多達2765公斤不符合商品依規定退運或銷毀。（編輯：龍柏安）1120418",,台灣,新聞,中央社,生活,2023/4/18,12:29:00,龍柏安,,0,0,0,0,0,0,0,中立,,
45da4d10-93a7-5494-9360-67876501eb4b,https://news.cts.com.tw/cna/life/202304/202304182167261.html,美式大賣場維生素錠防腐劑違規 逾1478公斤銷毀,"中央社（中央社記者陳婕翎台北18日電）衛福部食藥署今天公布邊境查驗不合格名單，由知名美式大賣場進口綜合維生素錠違規添加防腐劑，這是半年首次出現加拿大輸入綜合維生素錠違規，多達1478.86公斤需銷毀或退運。衛生福利部食品藥物管理署今天公布最新邊境檢驗不合格名單，共有17項檢驗不合格產品，其中包含好市多公司進口的加拿大「WEBBER NATURALS男性50+年長者綜合維生素錠 MEN'S 50+ MOST COMPLETE MULTI」檢出防腐劑含量不符規定。衛福部食藥署北區管理中心科長陳慶裕今天告訴中央社記者，這個不合格的綜合維生素錠檢出防腐劑對羥苯甲酸乙酯0.01 g/kg。雖然羥苯甲酸乙酯是準用的防腐劑，但準用範圍只有豆皮、豆干、醬油和不含碳酸的飲料等可使用，業者輸入的綜合維生素錠產品不在準用範圍。陳慶裕說，這半年以來，這家業者是第一次在邊境查驗中檢出不合格的綜合維生素錠，未來將會將這名業者從加拿大進口的綜合維生素錠產品提高至20至50％的加強檢驗；另外，這也是半年首次出現加拿大輸入綜合維生素錠違規。此外，這次還有一款大創紅公司進口藝人自營的韓國出口「J.GAO , J.KAOJ.GAO 女神光果凍（J.KAO GODDESS MIRACLE JELLY）」被檢出甜味劑含量不符規定，檢出甜味劑甜菊醣0.01 g/kg，多達2765公斤不符合商品依規定退運或銷毀。（編輯：龍柏安）1120418新聞來源：中央社",,台灣,新聞,華視全球資訊網,生活,2023/4/18,12:29:00,,,0,0,0,0,0,0,0,中立,,
033b1004-3591-5cdb-a463-92311d1e6286,https://udn.com/news/story/7266/7105425,好市多綜合維他命含禁用防腐劑 藝人自創保健果凍違規,"食藥署今公布最新一周邊境食品查驗結果，本周中國大陸出口的食品、食器在17項中占了8項；知名美式賣場好市多也進口一款「綜合維他命」檢出禁用的防腐劑，總重1478.86公斤全數退運銷毀；另由藝人自創品牌的保健食品「女神光果凍」一口氣驗出3款甜味劑違規，其中2款更為台灣禁用添加劑。本周邊境食品查驗清單上，中國共上榜8品項，食器部分為「悅朋實業有限公司」進口的「餐盤」448.8公斤、「森詳實業有限公司」進口的「孟宗煎匙」245公斤、「六豐生物科技有限公司」進口的1,045公斤，皆在溶出試驗中發現溶出物超標，全數遭退運銷毀。中國違規食品則有「漢馨企業有限公司」進口的「花椒」912.5公斤，粉末狀檢出重金屬鉛15.2 mg/kg換算生鮮花椒含重金屬鉛2.4 mg/kg，超出限量的0.3 mg/kg，同進口商的「小茴香粉」也因檢出殘留農藥陶斯松0.06 ppm，超出定量極限的0.03 ppm，總重1,045公斤；另一批「小茴香粉」為「六豐生物科技有限公司」進口，由於是相同製造廠，同樣檢出陶斯松違規，總重1,045公斤一概退運銷毀。另外有三批從中國出口來台「破萬」公斤的食品，分別為11,000公斤的「辣椒粉」、10,000公斤的「辣椒片」皆由「閤香有限公司」進口，分別檢出台灣不可使用的蘇丹色素三號7 ppb，以及蘇丹色素三號5 ppb；另由「鴻安農業科技股份有限公司」進口27,600公斤的「鮮南瓜」檢出殘留農藥派滅芬0.02 ppm，違反農藥殘留容許量標準，以上食品皆遭退運銷毀。國人愛吃保健食品，但今在邊境查出「好市多股份有限公司」自加拿大進口的「WEBBER NATURALS男性50+年長者綜合維生素錠(MEN’S 50+ MOST COMPLETE MULTI)」總重1478.86公斤的檢出防腐劑對羥苯甲酸乙酯0.01g/kg。食藥署北區管理中心科長陳慶裕表示，該款綜合維生素錠，半年內已進口84批，此次為首例，將提高抽驗比率提高至20%到50%；業者聲明「羥苯甲酸乙酯」為合成番茄紅素，添加於該產品原料的tomato pomace（skin and seed）當中，但「羥苯甲酸乙酯」依照台灣法規只准用於豆皮、豆干、醬油、醋、不含碳酸飲料以及鮮果跟果菜外皮等5大類，膠囊錠劑上不得使用，因此違反食品法規，全數退運銷毀。此外，保健食品中有另一批「大創紅公司」從韓國進口的「J.GAO , J.KAOJ.GAO 女神光果凍」為藝人高宇蓁創立的保養品牌，但在邊境攔截檢出3款甜味劑違規，甜味劑甜菊醣0.01 g/kg、Rebaudioside A 2.33 g/kg及Rebaudioside B 0.03 g/kg。陳慶裕表示，添加的3款甜味劑一概不得用於果凍食品，「甜菊糖」為准用甜味劑，但不能用於果凍；「Rebaudioside A」和「Rebaudioside B」甜味劑皆為禁止使用，全數2,765公斤果凍已退運銷毀。",,台灣,新聞,聯合新聞網,生活,2023/4/18,12:12:11,鄒尚謙,,0,0,0,0,0,0,0,負向,,
8c732b28-2fa1-5c4c-b81e-fda38aca8595,https://tw.news.yahoo.com/%E5%A5%BD%E5%B8%82%E5%A4%9A%E5%8A%A0%E6%8B%BF%E5%A4%A7%E9%80%B2%E5%8F%A3%E7%B6%AD%E4%BB%96%E5%91%BD%E9%98%B2%E8%85%90%E5%8A%91%E8%B6%85%E6%A8%99-4200%E7%93%B6%E5%85%A8%E9%80%80%E9%81%8B%E9%8A%B7%E6%AF%80-040700347.html,好市多加拿大進口維他命防腐劑超標 4200瓶全退運銷毀,【記者賴昀岫／台北報導】愛去好市多買保健食品的民眾要留意了，衛福部食藥署今（4/18）公布，好市多販售的「WEBBER NATURALS綜合維生素錠」，被檢出不得用於膠囊錠劑類的防腐劑「對羥苯甲酸乙酯」，4200瓶全數退運或銷毀。食藥署今天公布最新邊境檢驗不符合食品資訊清單，包含印度出口「印度達瓦牌 : 傳統香米」；中國出口「鮮南瓜」、「小茴香粉」、「花椒」、「辣椒粉」、「辣椒片」、「餐盤」、「孟宗煎匙」；韓國出口「新鮮人蔘」、「J.GAO 女神光果凍」；加拿大出口「男性50+年長者綜合維生素錠」；菲律賓出口「蜜意坊-純白之華(Medium棉花糖) ；泰國出口「蝦醬」；美國出口「鮮橙」；越南出口「白米」；日本出口「生螢烏賊」。其中赫見知名美式賣場好市多，其從加拿大出口的「WEBBER NATURALS男性50+年長者綜合維生素錠(MEN'S 50+ MOST COMPLETE MULTI)」檢出防腐劑含量不符規定。食藥署北區管理中心科長陳慶裕說明，該產品檢出防腐劑對羥苯甲酸乙酯 0.01 g/kg，依業者聲明，對羥苯甲酸乙酯係源自合成番茄紅素，添加於原料tomato pomace (skin and seed)，依據「食品添加物使用範圍及限量暨規格標準」，非表列准用之範圍，本案不符合食品安全衛生管理法第18條規定。陳慶裕說，該類添加物僅可使用在醋、醬油、豆皮、豆干、不含碳酸飲料及鮮果果菜外皮等品項，不得用於膠囊錠劑類產品，而包含今天的品項在內，該業者過去6個月內已進口84批，這次是首次檢出違規，未來針對該業者從加拿大進口的膠囊錠劑類產品，抽查比率會從原先的2％至10％，調高為20％至50％。幫你看荷包錢、幫你顧健康！《壹蘋新聞網》即起推出「消費警訊」專區，為所有消費者把關。除了有政府及公信單位嚴格檢測，保證絕無虛假，同時公布違規商家或黑心業者，讓您不會成為消費冤大頭，更避免因不良藥品傷身。本專區建議您時時點閱，以免漏接寶貴內容。消費警訊保護您！更多壹蘋新聞網報導,,台灣,新聞,Yahoo,新聞,2023/4/18,12:07:00,,,0,0,0,0,0,0,0,中立,,
b4755518-449f-55e7-9342-429527372ad9,https://health.gvm.com.tw/article/94311,美式大賣場進口維生素錠防腐劑違規，逾1478公斤銷毀,"衛福部食藥署今天公布邊境查驗不合格名單，由知名美式大賣場進口綜合維生素錠違規添加防腐劑，這是半年首次出現加拿大輸入綜合維生素錠違規，多達1478.86公斤需銷毀或退運。 衛生福利部食品藥物管理署今天公布最新邊境檢驗不合格名單，共有17項檢驗不合格產品，其中包含好市多公司進口的加拿大「WEBBER NATURALS男性50+年長者綜合維生素錠 MEN'S 50+ MOST COMPLETE MULTI」檢出防腐劑含量不符規定。衛福部食藥署北區管理中心科長陳慶裕今天告訴中央社記者，這個不合格的綜合維生素錠檢出防腐劑對羥苯甲酸乙酯0.01 g/kg。雖然羥苯甲酸乙酯是準用的防腐劑，但準用範圍只有豆皮、豆干、醬油和不含碳酸的飲料等可使用，業者輸入的綜合維生素錠產品不在準用範圍。陳慶裕說，這半年以來，這家業者是第一次在邊境查驗中檢出不合格的綜合維生素錠，未來將會將這名業者從加拿大進口的綜合維生素錠產品提高至20至50％的加強檢驗；另外，這也是半年首次出現加拿大輸入綜合維生素錠違規。此外，這次還有一款大創紅公司進口藝人自營的韓國出口「J.GAO , J.KAOJ.GAO 女神光果凍（J.KAO GODDESS MIRACLE JELLY）」被檢出甜味劑含量不符規定，檢出甜味劑甜菊醣0.01 g／kg，多達2765公斤不符合商品依規定退運或銷毀。圖／圖取自衛福部食藥署網頁fda.gov.tw本文轉載自2023.4.18「中央社」，僅反映作者意見，不代表本社立場。",,台灣,行銷,健康遠見,醫療百科,2023/4/18,12:03:00,,,0,0,0,0,0,0,0,中立,,
1067faa5-a688-5b11-b8e7-af127a4613ad,https://tw.news.yahoo.com/%E9%A3%9F%E8%97%A5%E7%BD%B2%E6%8A%93%E5%8C%85%E8%BE%B2%E8%97%A5%E8%B6%85%E6%A8%99-%E5%A5%BD%E5%B8%82%E5%A4%9A%E8%B3%A3-%E9%80%99%E6%AC%BE%E7%B6%AD%E7%94%9F%E7%B4%A0-%E9%81%95%E8%A6%8F-1478%E5%85%AC%E6%96%A4%E5%85%A8%E9%8A%B7%E6%AF%80-035613015.html,食藥署抓包農藥超標！好市多賣「這款維生素」違規 1478公斤全銷毀,「好市多」買家們注意了！食藥署今（18）日公布最新一批邊境查驗不合格名單，其中包括來自加拿大的好市多進口的「WEBBER NATURALS男性50+年長者綜合維生素錠」以及來自中國的花椒，以上分別被檢出禁用防腐劑以及重金屬鉛超標，共計1478.86公斤和912.5公斤，皆需按照規定退運或銷毀。▲好市多販售的男性50+年長者綜合維生素錠以及中國進口花椒被驗出違規。（圖／食藥署提供）食藥署今日公布的17項不合格名單包括韓國進口的「J.GAO女神光果凍」、「新鮮人蔘」、日本的「生螢烏賊」和越南進口的白米、印度的「HERITAGE BASMATI RICE達瓦牌傳統香米」等。這些產品因檢出甜味劑、農藥或重金屬不合格而被列入名單。▲越南白米被驗出農藥超標；日本生螢烏賊則被驗出重金屬含量超標。（圖／食藥署提供）其中好市多進口的「WEBBER NATURALS男性50+年長者綜合維生素錠」製造廠為「FACTORS GROUP OF NUTRITIONAL COMPANIES INC.」，被驗出防腐劑對羥苯甲酸乙酯0.01g/kg不符規定。食藥署北區管理中心科長陳慶裕表示，依業者聲明對羥苯甲酸乙酯係源自合成番茄紅素，添加於該產品原料的tomato pomace（skin and seed）當中。然而根據《食品添加物使用範圍及限量暨規格標準》，對羥苯甲酸乙酯僅准用於豆皮、豆干、醬油、醋、不含碳酸飲料，鮮果果菜外皮等5類食品，並不准用於膠囊錠劑。陳慶裕指出，這是該加拿大綜合維生素錠半年來首次檢出違規，食藥署將從原本的2%到10%提高抽驗比率至20%到50%。另一方面，台北市漢馨企業有限公司自中國進口912.5公斤「花椒（PERICARPIUM ZANTHOXYLI）」檢出重金屬鉛含量達15.2mg/kg，來源廠商為青島瑞祥源農產品有限公司。經業者提供的乾燥率換算後，生鮮花椒含重金屬鉛2.4mg/kg，超出「食品中污染物質及毒素衛生標準」香草植物及香辛植物類限量的0.3mg/kg，得全數退運銷毀。陳慶裕表示，雖然花椒經過乾燥處理會產生濃縮效果，但重金屬超標狀況依然嚴重。這是近6個月來第一次檢出花椒產品違規。值得一提的是，兩年前相關中國花椒產品也有違規紀錄，當時食藥署已採取最嚴格的逐批百分之百查驗措施，並將持續執行。更多eNews報導,,台灣,新聞,Yahoo,新聞,2023/4/18,11:56:13,,,0,0,0,0,0,0,0,中立,,
bf9c74b9-371f-5261-9907-4ac13b046284,https://n.yam.com/Article/20230418474076,食藥署抓包農藥超標！好市多賣「這款維生素」違規　1478公斤全銷毀,「好市多」買家們注意了！食藥署今（18）日公布最新一批邊境查驗不合格名單，其中包括來自加拿大的好市多進口的「WEBBER NATURALS男性50+年長者綜合維生素錠」以及來自中國的花椒，以上分別被檢出禁用防腐劑以及重金屬鉛超標，共計1478.86公斤和912.5公斤，皆需按照規定退運或銷毀。▲好市多販售的男性50+年長者綜合維生素錠以及中國進口花椒被驗出違規。（圖／食藥署提供）食藥署今日公布的17項不合格名單包括韓國進口的「J.GAO女神光果凍」、「新鮮人蔘」、日本的「生螢烏賊」和越南進口的白米、印度的「HERITAGE BASMATI RICE達瓦牌傳統香米」等。這些產品因檢出甜味劑、農藥或重金屬不合格而被列入名單。▲越南白米被驗出農藥超標；日本生螢烏賊則被驗出重金屬含量超標。（圖／食藥署提供）其中好市多進口的「WEBBER NATURALS男性50+年長者綜合維生素錠」製造廠為「FACTORS GROUP OF NUTRITIONAL COMPANIES INC.」，被驗出防腐劑對羥苯甲酸乙酯0.01g/kg不符規定。食藥署北區管理中心科長陳慶裕表示，依業者聲明對羥苯甲酸乙酯係源自合成番茄紅素，添加於該產品原料的tomato pomace（skin and seed）當中。然而根據《食品添加物使用範圍及限量暨規格標準》，對羥苯甲酸乙酯僅准用於豆皮、豆干、醬油、醋、不含碳酸飲料，鮮果果菜外皮等5類食品，並不准用於膠囊錠劑。陳慶裕指出，這是該加拿大綜合維生素錠半年來首次檢出違規，食藥署將從原本的2%到10%提高抽驗比率至20%到50%。另一方面，台北市漢馨企業有限公司自中國進口912.5公斤「花椒（PERICARPIUM ZANTHOXYLI）」檢出重金屬鉛含量達15.2mg/kg，來源廠商為青島瑞祥源農產品有限公司。經業者提供的乾燥率換算後，生鮮花椒含重金屬鉛2.4mg/kg，超出「食品中污染物質及毒素衛生標準」香草植物及香辛植物類限量的0.3mg/kg，得全數退運銷毀。陳慶裕表示，雖然花椒經過乾燥處理會產生濃縮效果，但重金屬超標狀況依然嚴重。這是近6個月來第一次檢出花椒產品違規。值得一提的是，兩年前相關中國花椒產品也有違規紀錄，當時食藥署已採取最嚴格的逐批百分之百查驗措施，並將持續執行。更多eNews報導洞太大！勞保潛藏負債達11.4兆　年輕人每天「多背20億債」恐扛不住不只手機噴電！Android遭惡意軟體入侵　「63款App超危險」恐竊個資蕃新聞推薦影片,,台灣,新聞,yam蕃薯藤,即時新聞,2023/4/18,11:56:00,,,0,0,0,0,0,0,0,中立,,
6018a17a-9b95-542a-845f-df7a7afc4125,https://tw.news.yahoo.com/%E5%A5%BD%E5%B8%82%E5%A4%9A%E7%B6%AD%E7%94%9F%E7%B4%A0%E9%8C%A0-%E9%98%B2%E8%85%90%E5%8A%91%E8%B6%85%E6%A8%99-%E9%81%AD%E9%80%80%E9%81%8B%E9%8A%B7%E6%AF%80-034415046.html,好市多維生素錠「防腐劑超標」 遭退運銷毀,[NOWnews今日新聞]食藥署今（18）日公布邊境違規食品名單，知名量販業者進口的維生素錠檢出防腐劑違規，另中國出口的餐盤也未能通過溶出試驗，皆依規定遭退運或銷毀。今食藥署公布邊境違規食品名單，好市多進口的「WEBBER NATURALS男性50+年長者綜合維生素錠（MEN'S 50+ MOST COMPLETE MULTI）」檢出防腐劑含量不符規定，總重1478.86公斤依規定退運或銷毀。食藥署北區管理中心科長陳慶裕接受《NOWnews今日新聞》採訪時說明，「WEBBER NATURALS男性50+年長者綜合維生素」檢出防腐劑對羥苯甲酸乙酯0.01g/kg，依業者聲明，對羥苯甲酸乙酯可能源自合成的番茄紅素，添加於原料的tomato pomace（skin and seed）。陳慶裕指出，依據「食品添加物使用範圍及限量暨規格標準」，對羥苯甲酸乙酯準用範圍侷限於豆皮、豆干、醬油、醋、不含碳酸飲料等，本次維生素錠非表列准用的範圍，不符合《食品安全衛生管理法》第18條規定，由於這是半年來首次違規，加提升查驗頻率20%至25%。另中國出口的餐盤檢出容器具溶出試驗不符規定，以4%醋酸（60°C/30 min）溶出試驗結果，蒸發殘渣值為82ppm、以20%乙醇（60°C/30 min）溶出試驗結果，蒸發殘渣值為144 ppm，不符合蒸發殘渣值合格標準皆為30ppm以下，總重448.8公斤依規定退運銷毀。陳慶裕解釋，該餐盤為木製餐盤，表層塗層為合成樹脂，依照標準需進行溶出試驗，模擬盛裝食物樣態，以醋酸模擬酸性食物、乙醇模擬含酒精產品，檢驗結果皆違反《食品安全衛生管理法》第17條規定。,,台灣,新聞,Yahoo,新聞,2023/4/18,11:44:15,,,0,0,0,0,0,0,0,中立,,
66b90888-53f4-5289-a505-9cc915895e7d,http://news.pchome.com.tw/living/nownews/20230418/index-68178945579557207009.html,好市多維生素錠「防腐劑超標」 遭退運銷毀,今食藥署公布邊境違規食品名單，好市多進口的「WEBBER NATURALS男性50+年長者綜合維生素錠（MEN'S 50+ MOST COMPLETE MULTI）」檢出防腐劑含量不符規定。（圖／截自食藥署網站）[NOWnews今日新聞]食藥署今（18）日公布邊境違規食品名單，知名量販業者進口的維生素錠檢出防腐劑違規，另中國出口的餐盤也未能通過溶出試驗，皆依規定遭退運或銷毀。今食藥署公布邊境違規食品名單，好市多進口的「WEBBER NATURALS男性50+年長者綜合維生素錠（MEN'S 50+ MOST COMPLETE MULTI）」檢出防腐劑含量不符規定，總重1478.86公斤依規定退運或銷毀。食藥署北區管理中心科長陳慶裕接受《NOWnews今日新聞》採訪時說明，「WEBBER NATURALS男性50+年長者綜合維生素」檢出防腐劑對羥苯甲酸乙酯0.01g/kg，依業者聲明，對羥苯甲酸乙酯可能源自合成的番茄紅素，添加於原料的tomato pomace（skin and seed）。陳慶裕指出，依據「食品添加物使用範圍及限量暨規格標準」，對羥苯甲酸乙酯準用範圍侷限於豆皮、豆干、醬油、醋、不含碳酸飲料等，本次維生素錠非表列准用的範圍，不符合《食品安全衛生管理法》第18條規定，由於這是半年來首次違規，加提升查驗頻率20%至25%。另中國出口的餐盤檢出容器具溶出試驗不符規定，以4%醋酸（60°C/30 min）溶出試驗結果，蒸發殘渣值為82ppm、以20%乙醇（60°C/30 min）溶出試驗結果，蒸發殘渣值為144 ppm，不符合蒸發殘渣值合格標準皆為30ppm以下，總重448.8公斤依規定退運銷毀。陳慶裕解釋，該餐盤為木製餐盤，表層塗層為合成樹脂，依照標準需進行溶出試驗，模擬盛裝食物樣態，以醋酸模擬酸性食物、乙醇模擬含酒精產品，檢驗結果皆違反《食品安全衛生管理法》第17條規定。相關新聞 氣變署籌備處22日成立 將專責推動「碳費徵收」等12項子法  境外、本地汙染物混合 明空品恐達紅色警戒 市場期待轉佳 台股周線翻紅力甩連二黑,,台灣,新聞,PChome 新聞,生活,2023/4/18,11:44:15,,,0,0,0,0,0,0,0,中立,,
e39b3f9d-9632-5ad4-9dd9-c9368503de96,https://n.yam.com/Article/20230418102741,孩子怪怪的？小心恐非腸胃炎、諾羅！5症狀「家長務必警覺」才可救命,近期因受新冠疫情、腸病毒等多種傳染疾病影響，許多孩子在出現發燒或嘔吐情況時，父母可能都只會覺得「中鏢了」，並讓其多喝水、多休息，不過小兒科醫師則提醒，若小朋友症狀持續，甚至合併頭痛、意識狀態不佳、抽搐等，家長就要有所警覺了，否則更嚴重恐引發腦膜炎，不可輕忽！▲孩子出現小症狀可千萬別輕忽，否則嚴重恐引發腦膜炎！（圖／翻攝自臉書／威力醫師的育兒週記-王韋力）小兒科醫師王韋力前（16）日在臉書上分享，最近出現很多發燒又一直嘔吐的孩子，而許多家長也都知道近期腸胃炎、諾羅病毒正流行，不過小朋友若症狀持續，且合併頭痛或意識狀態不佳，甚至還有抽搐等症狀，那就務必要小心了！王韋力醫師談及個案，一名家長原先以為自己孩子只是腸胃炎，但卻又警覺到「跟平常不一樣」，所幸先透過另一名醫師仔細檢查，發現疑似為腦膜炎情況，最後及時轉至大醫院治療，果真證實罹患腦膜炎。直到本月15日，該名孩童經過一段時間治療後傳來好消息，終於平安健康順利出院！王韋力醫師對此特別提醒，當孩子生病時，凡是任何讓家人覺得「怪怪的」情況都請不要輕忽，「可能因為您多一點警覺心，就救了孩子！」更多eNews報導食藥署抓包農藥超標！好市多賣「這款維生素」違規　1478公斤全銷毀不只手機噴電！Android遭惡意軟體入侵　「63款App超危險」恐竊個資,,台灣,新聞,yam蕃薯藤,即時新聞,2023/4/18,11:44:00,,,0,0,0,0,0,0,0,中立,,
bc986f73-fe83-53ea-8e7f-81de6bcf742e,https://www.nownews.com/news/6113917,好市多「綜合維生素錠」防腐劑不合格　1478公斤退運銷毀,"食藥署今（18）日公布邊境違規食品名單，知名量販業者進口的維生素錠檢出防腐劑違規，另中國出口的餐盤也未能通過溶出試驗，皆依規定遭退運或銷毀。				            	今食藥署公布邊境違規食品名單，好市多進口的「WEBBER NATURALS男性50+年長者綜合維生素錠（MEN'S 50+ MOST COMPLETE MULTI）」檢出防腐劑含量不符規定，總重1478.86公斤依規定退運或銷毀。食藥署北區管理中心科長陳慶裕接受《NOWnews今日新聞》採訪時說明，「WEBBER NATURALS男性50+年長者綜合維生素」檢出防腐劑對羥苯甲酸乙酯0.01g/kg，依業者聲明，對羥苯甲酸乙酯可能源自合成的番茄紅素，添加於原料的tomato pomace（skin and seed）。陳慶裕指出，依據「食品添加物使用範圍及限量暨規格標準」，對羥苯甲酸乙酯準用範圍侷限於豆皮、豆干、醬油、醋、不含碳酸飲料等，本次維生素錠非表列准用的範圍，不符合《食品安全衛生管理法》第18條規定，由於這是半年來首次違規，加提升查驗頻率20%至25%。另中國出口的餐盤檢出容器具溶出試驗不符規定，以4%醋酸（60°C/30 min）溶出試驗結果，蒸發殘渣值為82ppm、以20%乙醇（60°C/30 min）溶出試驗結果，蒸發殘渣值為144 ppm，不符合蒸發殘渣值合格標準皆為30ppm以下，總重448.8公斤依規定退運銷毀。陳慶裕解釋，該餐盤為木製餐盤，表層塗層為合成樹脂，依照標準需進行溶出試驗，模擬盛裝食物樣態，以醋酸模擬酸性食物、乙醇模擬含酒精產品，檢驗結果皆違反《食品安全衛生管理法》第17條規定。",,台灣,新聞,NOWnews 今日新聞,生活,2023/4/18,11:39:15,,,0,0,0,0,0,0,0,中立,,
757f330c-6ee1-51f9-82e4-6fcd9e8a9268,https://n.yam.com/Article/20230418955282,打獵射野兔卻錯殺人類！村民遭射傷「跌進排水溝淹死」　4人被刑拘,中國信州沙溪鎮發生一起命案，謝姓男子與3名友人結伴外出打獵時，疑似誤把人當作野兔，隨即開槍射擊，導致王姓村民頭部受傷，整個人跌入排水溝中溺亡，離奇案情讓不少網友傻眼，認為謝男等人顯然非疏失，「很明顯是故意殺人報復！」▲ 男子誤把人當作野兔，隨即開槍射擊，導致無辜村民慘死。（示意圖／ENews）    綜合陸媒報導，這起事件發生在14日晚間10時許，當時謝男和汪姓、陳姓、吳姓友人攜帶私藏氣槍，開車前往一處農村打獵，後來謝男察覺排水溝旁的草叢中有動靜，以為有野兔藏在裡面，於是馬上開槍射擊，結果王男因頭部受傷，跌入排水溝溺亡。警方於當晚11點23分接獲報案趕到現場，將王男撈起時發現他已氣絕。警方表示經屍檢後發現，王男的氣管、支氣管內都是粉紅色泡沫，胃內還有800毫升的溺液，符合生前入水溺亡特徵，目前4名犯罪嫌疑人已被逮捕，案件正在進一步辦理中。▲信州公安分局警情通報。（圖／翻攝自微博）消息一出，不少網友紛紛質疑：「沒看到是人是物就開槍」、「是獵人，當然獵人」、「不看清楚就開槍是認真的嗎？有東西動就開槍？這不符合邏輯」、「拿槍打獵，開槍後不去撿獵物？發現打錯不去救人，這不故意殺人？」、「私藏槍械是一項罪吧？獵殺野生動物是一項罪吧？意外殺人又是一項罪吧？不能全算一項吧」、「很明顯是故意殺人報復」、「現在的新聞真是越來越魔幻了」。更多eNews報導食藥署抓包農藥超標！好市多賣「這款維生素」違規　1478公斤全銷毀包皮割一半突加價！壯年男醒來氣炸「買刀衝診間」　當場捅死醫師,,台灣,新聞,yam蕃薯藤,即時新聞,2023/4/18,11:19:00,,,0,0,0,0,0,0,0,負向,,
4158c717-65a2-51e7-996a-57e796ceaddb,https://news.ltn.com.tw/news/life/breakingnews/4273686,藝人自營「女神光果凍」含禁用甜味劑！好市多綜合維生素也違規,"韓國出口「J.GAO , J.KAOJ.GAO 女神光果凍」檢出甜味劑含量不符規定。（記者吳亮儀翻攝）〔記者吳亮儀／台北報導〕食品藥物管理署今天（18日）公布最新邊境稽查結果，一批由大創紅公司從韓國進口的「J.GAO , J.KAOJ.GAO 女神光果凍」被檢出添加了3款甜味劑違規，其中兩款還是我國禁用的甜味劑；另外，美式量販店好市多進口一批綜合維生素，也被檢出使用到不能使用的防腐劑。這批「J.GAO , J.KAOJ.GAO 女神光果凍」從韓國出口，共2765公斤，這是藝人高宇蓁自創的高端保養品牌，官方網站上一盒14條要價達1280元。食藥署在邊境查驗到這批果凍，檢驗出添加了3款甜味劑，包括檢出甜味劑甜菊醣0.01g/kg、Rebaudioside A達2.33g/kg及Rebaudioside B達0.03g/kg。食藥署科長陳慶裕說，這三款甜味劑通通都不能使用於果凍食品，第一種「甜菊糖」我國可使用，但不能用於果凍，第二、三種甜味劑「Rebaudioside A」和「Rebaudioside B」都是禁止使用的，因此這批2765公斤果凍通通得退運或銷毀。好市多從加拿大進口一批「WEBBER NATURALS男性50+年長者綜合維生素錠」共1478.86公斤，檢出防腐劑對羥苯甲酸乙酯0.01g/kg。陳慶裕說，這防腐劑雖然可以使用，但使用範圍僅限豆類製品、不含碳酸的飲料之類的食物，因此這批貨物也須退運或銷毀。今天共有17批進口食品被檢出違規，中國出口的食品就有8批、佔47%，包括兩批「小茴香粉」農藥殘留違規、餐盤和「孟宗煎匙」各一批溶出試驗不合格、一批花椒重金屬含量超標、辣椒粉和辣椒片各一批被驗出含非法著色劑、以及一批鮮南瓜農藥殘留違規。好市多進口的「男性50+年長者綜合維生素錠」防腐劑含量不符規定。（記者吳亮儀翻攝）",,台灣,新聞,自由時報電子報,生活,2023/4/18,11:15:34,吳亮儀,,0,0,0,0,0,0,0,中立,,
00f36563-5052-50a0-878e-aa1313a4863e,https://tw.news.yahoo.com/%E5%A5%BD%E5%B8%82%E5%A4%9A%E5%8A%A0%E6%8B%BF%E5%A4%A7%E9%80%B2%E5%8F%A3%E7%B6%AD%E4%BB%96%E5%91%BD%E9%98%B2%E8%85%90%E5%8A%91%E8%B6%85%E6%A8%99-1478%E5%85%AC%E6%96%A4%E7%94%A2%E5%93%81%E5%85%A8%E9%80%80%E9%81%8B%E9%8A%B7%E6%AF%80-031533751.html,好市多加拿大進口維他命防腐劑超標！ 1478公斤產品全退運銷毀,記者黃仲丘／台北報導喜歡到好市多，掃維他命的民眾得當心！食藥署今（18）日公布最新的每週，邊境檢驗不符食品資訊，當中一款由「好市多股份有限公司」，自加拿大進口的「WEBBER NATURALS男性50+年長者綜合維生素錠」被驗出，不得在該類膠囊錠劑產品檢出的防腐劑「羥苯甲酸乙酯」，共1478.86公斤產品，得全數退運或銷毀；另外，一款自中國進口的花椒，則驗出重金屬鉛15.2 mg/kg，超過標準值7倍，共912.5公斤得全數退運或銷毀。食藥署今(18)日一口氣公布17項邊境檢驗不符食品資訊，當中一款由「好市多股份有限公司」，自加拿大進口的「WEBBER NATURALS男性50+年長者綜合維生素錠(MEN'S 50+ MOST COMPLETE MULTI)」，製造廠為「FACTORS GROUP OF NUTRITIONAL COMPANIES INC.」，被驗出不得在該類膠囊錠劑產品檢出的防腐劑「對羥苯甲酸乙酯 0.01 g/kg」。食藥署北區管理中心科長陳慶裕表示，據了解，該款產品的對羥苯甲酸乙酯，來自番茄紅素的添加物，添加於原料的tomato pomace (skin and seed)，但根據《食品添加物使用範圍及限量暨規格標準》，對羥苯甲酸乙酯僅准用於豆皮、豆干、醬油、醋、不含碳酸飲料，鮮果果菜外皮等，非表列准用之範圍。因此共1478.86公斤產品，得全數退運或銷毀。陳慶裕表示，「好市多」進口的這款產品是半年來首度違規，過去半年來進過84批相同產品，僅這次違規，因此會先將抽批比率從原本的2％~10％提升到20％~50％。今日的邊境檢驗不符食品資訊中，另有一款由「漢馨企業有限公司」自中國進口的「花椒」，製造商為「青島瑞祥源農產品有限公司」則被檢出重金屬鉛15.2 mg/kg，依業者提供說明文件之乾燥率換算後，生鮮花椒含重金屬鉛2.4 mg/kg，比0.3 mg/kg標準值高出7倍。共912.5公斤得全數退運或銷毀。陳慶裕表示，業者在2年前輸入同號列的花椒產品也有不合格問題，當時食藥署就已將該款產品的抽驗比率提高到百分之百，依提高抽驗規定，百分百抽批得連續5批符合標準，且進貨量需大於不合格貨品3倍才會降低抽驗比率，由於該業者的輸入批數不多，因此仍需維持百分百逐批查驗。,,台灣,新聞,Yahoo,健康,2023/4/18,11:15:33,,,0,0,0,0,0,0,0,中立,,
7a0dd81d-592f-54be-946c-4efb6ffc8ed9,https://www.setn.com/News.aspx?NewsID=1282352,好事多加拿大進口維他命防腐劑超標！　1478公斤產品全退運銷毀,記者黃仲丘／台北報導▲「WEBBER NATURALS男性50+年長者綜合維生素錠」（圖／食藥署提供）喜歡到好事多，掃維他命的民眾得當心！食藥署今（18）日公布最新的每週，邊境檢驗不符食品資訊，當中一款由「好事多股份有限公司」，自加拿大進口的「WEBBER NATURALS男性50+年長者綜合維生素錠」被驗出，不得在該類膠囊錠劑產品檢出的防腐劑「羥苯甲酸乙酯」，共1478.86公斤產品，得全數退運或銷毀；另外，一款自中國進口的花椒，則驗出重金屬鉛15.2 mg/kg，超過標準值7倍，共912.5公斤得全數退運或銷毀。食藥署今(18)日一口氣公布17項邊境檢驗不符食品資訊，當中一款由「好市多股份有限公司」，自加拿大進口的「WEBBER NATURALS男性50+年長者綜合維生素錠(MEN'S 50+ MOST COMPLETE MULTI)」，製造廠為「FACTORS GROUP OF NUTRITIONAL COMPANIES INC.」，被驗出不得在該類膠囊錠劑產品檢出的防腐劑「對羥苯甲酸乙酯 0.01 g/kg」。食藥署北區管理中心科長陳慶裕表示，據了解，該款產品的對羥苯甲酸乙酯，來自番茄紅素的添加物，添加於原料的tomato pomace (skin and seed)，但根據《食品添加物使用範圍及限量暨規格標準》，對羥苯甲酸乙酯僅准用於豆皮、豆干、醬油、醋、不含碳酸飲料，鮮果果菜外皮等，非表列准用之範圍。因此共1478.86公斤產品，得全數退運或銷毀。陳慶裕表示，「好事多」進口的這款產品是半年來首度違規，過去半年來進過84批相同產品，僅這次違規，因此會先將抽批比率從原本的2％~10％提升到20％~50％。▲中國進口的花椒（圖／食藥署提供）今日的邊境檢驗不符食品資訊中，另有一款由「漢馨企業有限公司」自中國進口的「花椒」，製造商為「青島瑞祥源農產品有限公司」則被檢出重金屬鉛15.2 mg/kg，依業者提供說明文件之乾燥率換算後，生鮮花椒含重金屬鉛2.4 mg/kg，比0.3  mg/kg標準值高出7倍。共912.5公斤得全數退運或銷毀。陳慶裕表示，業者在2年前輸入同號列的花椒產品也有不合格問題，當時食藥署就已將該款產品的抽驗比率提高到百分之百，依提高抽驗規定，百分百抽批得連續5批符合標準，且進貨量需大於不合格貨品3倍才會降低抽驗比率，由於該業者的輸入批數不多，因此仍需維持百分百逐批查驗。,,台灣,新聞,三立新聞網,生活,2023/4/18,11:08:00,,,0,0,0,0,0,0,0,中立,,
48a05f54-576b-58f8-acbf-a1f385820408,https://tw.news.yahoo.com/%E5%A5%BD%E5%B8%82%E5%A4%9A%E8%B3%A3%E7%9A%84%E9%80%99%E6%AC%BE%E7%B6%9C%E5%90%88%E7%B6%AD%E4%BB%96%E5%91%BD-%E9%A3%9F%E8%97%A5%E7%BD%B2%E6%8A%93%E5%88%B0%E9%98%B2%E8%85%90%E5%8A%91%E5%A4%A7%E9%81%95%E8%A6%8F-1478%E5%85%AC%E6%96%A4%E9%81%AD%E6%89%A3-023643769.html,好市多賣的這款綜合維他命 食藥署抓到防腐劑大違規！1478公斤遭扣,"匯流新聞網記者陳鈞凱／台北報導偏愛在「好市多」掃貨大罐維他命的消費者注意了！食藥署今（18）日公布最新一波邊境查驗不合格名單，在17項進口不合格名單當中，好市多從加拿大進口的一批「WEBBER NATURALS男性50+年長者綜合維生素錠」檢出禁用的防腐劑，重達1478.86公斤全數得依規定退運或銷毀；另有一批自中國進口的「花椒」更一口氣檢出重金屬鉛超標達8倍之多。食藥署上午公布17項邊境查驗不合格名單，包括有來自韓國進口的「J.GAO , J.KAOJ.GAO 女神光果凍」、日本的「生螢烏賊」、韓國的「新鮮人蔘」、印度的「HERITAGE BASMATI RICE印度達瓦牌 : 傳統香米」等，分別被出甜味劑、農藥或重金屬不合格。其中，好市多股份有限公司自加拿大進口一批、總重1478.86公斤的「WEBBER NATURALS男性50+年長者綜合維生素錠(MEN’S 50+ MOST COMPLETE MULTI)」檢出防腐劑對羥苯甲酸乙酯0.01g/kg不符規定。來源廠商為FACTORS GROUP OF NUTRITIONAL COMPANIES INC.。食藥署北區管理中心科長陳慶裕表示，依業者聲明對羥苯甲酸乙酯係源自合成番茄紅素，添加於該產品原料的tomato pomace（skin and seed）當中，不過，對羥苯甲酸乙酯在國內目前只准用於豆皮、豆干、醬油、醋、不含碳酸飲料以及鮮果跟果菜外皮5大類，並不准用於膠囊錠劑，因此違反食品安全衛生管理法第18條規定。陳慶裕說，該款加拿大綜合維生素錠，過去半年來，包含今公布這批，已經進口84批，這次是第一次檢出違規，食藥署將提高抽驗比率從原本的2%到10%、提高至20%到50%。另外，台北市漢馨企業有限公司自中國進口一批、912.5公斤的「花椒(PERICARPIUM ZANTHOXYLI)」則是檢出重金屬鉛15.2mg/kg，依業者提供說明文件的乾燥率換算後，生鮮花椒含重金屬鉛2.4mg/kg，超出「食品中汙染物質及毒素衛生標準」鉛於香草植物及香辛植物類限量的0.3mg/kg。來源廠商為青島瑞祥源農產品有限公司。陳慶裕表示，由於花椒經乾燥處理，有濃縮效果，但經計算，重金屬超標狀況仍然嚴重，這是近6個月第一次檢出花椒產品違規；不過，中國相關的花椒產品2年前有違規紀錄，從當時開始已經全面採取最嚴格的逐批百分之百查驗迄今，措施將持續下去。照片來源：食藥署提供",,台灣,新聞,Yahoo,健康,2023/4/18,10:36:43,,,0,78,0,0,0,0,0,負向,,
4769753c-59ec-5856-932c-923146127951,https://life.tw/?app=view&no=1935846,好市多賣的這款綜合維他命 食藥署抓到防腐劑大違規！1478公斤遭扣,"匯流新聞網記者陳鈞凱／台北報導偏愛在「好市多」掃貨大罐維他命的消費者注意了！食藥署今（18）日公布最新一波邊境查驗不合格名單，在17項進口不合格名單當中，好市多從加拿大進口的一批「WEBBER NATURALS男性50+年長者綜合維生素錠」檢出禁用的防腐劑，重達1478.86公斤全數得依規定退運或銷毀；另有一批自中國進口的「花椒」更一口氣檢出重金屬鉛超標達8倍之多。食藥署上午公布17項邊境查驗不合格名單，包括有來自韓國進口的「J.GAO , J.KAOJ.GAO 女神光果凍」、日本的「生螢烏賊」、韓國的「新鮮人蔘」、印度的「HERITAGE BASMATI RICE印度達瓦牌 : 傳統香米」等，分別被出甜味劑、農藥或重金屬不合格。其中，好市多股份有限公司自加拿大進口一批、總重1478.86公斤的「WEBBER NATURALS男性50+年長者綜合維生素錠(MEN’S 50+ MOST COMPLETE MULTI)」檢出防腐劑對羥苯甲酸乙酯0.01g/kg不符規定。來源廠商為FACTORS GROUP OF NUTRITIONAL COMPANIES INC.。食藥署北區管理中心科長陳慶裕表示，依業者聲明對羥苯甲酸乙酯係源自合成番茄紅素，添加於該產品原料的tomato pomace（skin and seed）當中，不過，對羥苯甲酸乙酯在國內目前只准用於豆皮、豆干、醬油、醋、不含碳酸飲料以及鮮果跟果菜外皮5大類，並不准用於膠囊錠劑，因此違反食品安全衛生管理法第18條規定。陳慶裕說，該款加拿大綜合維生素錠，過去半年來，包含今公布這批，已經進口84批，這次是第一次檢出違規，食藥署將提高抽驗比率從原本的2%到10%、提高至20%到50%。另外，台北市漢馨企業有限公司自中國進口一批、912.5公斤的「花椒(PERICARPIUM ZANTHOXYLI)」則是檢出重金屬鉛15.2mg/kg，依業者提供說明文件的乾燥率換算後，生鮮花椒含重金屬鉛2.4mg/kg，超出「食品中汙染物質及毒素衛生標準」鉛於香草植物及香辛植物類限量的0.3mg/kg。來源廠商為青島瑞祥源農產品有限公司。陳慶裕表示，由於花椒經乾燥處理，有濃縮效果，但經計算，重金屬超標狀況仍然嚴重，這是近6個月第一次檢出花椒產品違規；不過，中國相關的花椒產品2年前有違規紀錄，從當時開始已經全面採取最嚴格的逐批百分之百查驗迄今，措施將持續下去。照片來源：食藥署提供",,台灣,新聞,LIFE生活網,健康醫療,2023/4/18,10:36:00,,,0,0,0,0,0,0,0,負向,,
abd1e79d-e917-5139-b520-640faba5cc40,https://ctee.com.tw/livenews/ch/chinatimes/20230418002758-260405,好市多維生素、果凍檢出禁用添加劑 食藥署下令銷毀1478公斤,食藥署今公布最新邊境檢驗不符食品資訊，赫然發現由知名賣場好市多引進的綜合維生素錠含有防腐劑「羥苯甲酸乙酯」，總計1478.86公斤產品得依規定退運或銷毀；另一款藝人自創品牌的「女神光果凍」，則被檢出含有2款國內禁用的添加劑，總計抓包2765公斤。食藥署今日公布的邊境檢驗違規品項共17項，其中由好市多股份有限公司引進的「WEBBER NATURALS男性50＋年長者綜合維生素錠（MEN'S 50＋ MOST COMPLETE MULTI）」，因檢出防腐劑「對羥苯甲酸乙酯 0.01 g／kg」違規，該產品是由加拿大「FACTORS GROUP OF NUTRITIONAL COMPANIES INC.」所生產。食藥署北區管理中心科長陳慶裕表示，我國《食品添加物使用範圍及限量暨規格標準》中明訂，對羥苯甲酸乙酯僅能用在豆皮、豆干、醬油、醋等，並不能用在維生素錠，因此必須依規定辦理退運或銷毀。陳慶裕指出，這批違規維生素錠是好市多半年來首次違規，接下來將進一步提升抽檢率，從原先的2～10％調高至20～50％。另一款由藝人創立的品牌「J.GAO  J.KAOJ.GAO 女神光果凍」，則被檢出有3款甜味劑違規，陳慶裕說明，這3款甜味劑中有2款在國內禁用，分別是「Rebaudioside A」、「Rebaudioside B」，另一款甜菊醣0.01 g／kg則為准用添加劑。此外，食藥署今公布的違規食品還包含辣椒粉、鮮南瓜、小茴香粉、花椒等，分別被驗出陶斯松、派滅芬等農藥殘留，以及色素超標等。食器方面違規則有大陸進口的餐盤、孟宗煎匙等，都是在溶出試驗時發現有溶出物違規，全數皆依規定辦理退運或銷毀。,,台灣,新聞,工商時報,生活,2023/4/18,8:00:00,陳人齊,,0,0,0,0,0,0,0,中立,,
d83326f9-f174-5f78-8577-8bffc33f699f,https://cnews.com.tw/003230418a01/,好市多賣的這款綜合維他命   食藥署抓到防腐劑大違規！1478公斤遭扣,"匯流新聞網記者陳鈞凱／台北報導偏愛在「好市多」掃貨大罐維他命的消費者注意了！食藥署今（18）日公布最新一波邊境查驗不合格名單，在17項進口不合格名單當中，好市多從加拿大進口的一批「WEBBER NATURALS男性50+年長者綜合維生素錠」檢出禁用的防腐劑，重達1478.86公斤全數得依規定退運或銷毀；另有一批自中國進口的「花椒」更一口氣檢出重金屬鉛超標達8倍之多。食藥署上午公布17項邊境查驗不合格名單，包括有來自韓國進口的「J.GAO , J.KAOJ.GAO 女神光果凍」、日本的「生螢烏賊」、韓國的「新鮮人蔘」、印度的「HERITAGE BASMATI RICE印度達瓦牌 : 傳統香米」等，分別被出甜味劑、農藥或重金屬不合格。其中，好市多股份有限公司自加拿大進口一批、總重1478.86公斤的「WEBBER NATURALS男性50+年長者綜合維生素錠(MEN’S 50+ MOST COMPLETE MULTI)」檢出防腐劑對羥苯甲酸乙酯0.01g/kg不符規定。來源廠商為FACTORS GROUP OF NUTRITIONAL COMPANIES INC.。食藥署北區管理中心科長陳慶裕表示，依業者聲明對羥苯甲酸乙酯係源自合成番茄紅素，添加於該產品原料的tomato pomace（skin and seed）當中，不過，對羥苯甲酸乙酯在國內目前只准用於豆皮、豆干、醬油、醋、不含碳酸飲料以及鮮果跟果菜外皮5大類，並不准用於膠囊錠劑，因此違反食品安全衛生管理法第18條規定。陳慶裕說，該款加拿大綜合維生素錠，過去半年來，包含今公布這批，已經進口84批，這次是第一次檢出違規，食藥署將提高抽驗比率從原本的2%到10%、提高至20%到50%。另外，台北市漢馨企業有限公司自中國進口一批、912.5公斤的「花椒(PERICARPIUM ZANTHOXYLI)」則是檢出重金屬鉛15.2mg/kg，依業者提供說明文件的乾燥率換算後，生鮮花椒含重金屬鉛2.4mg/kg，超出「食品中汙染物質及毒素衛生標準」鉛於香草植物及香辛植物類限量的0.3mg/kg。來源廠商為青島瑞祥源農產品有限公司。陳慶裕表示，由於花椒經乾燥處理，有濃縮效果，但經計算，重金屬超標狀況仍然嚴重，這是近6個月第一次檢出花椒產品違規；不過，中國相關的花椒產品2年前有違規紀錄，從當時開始已經全面採取最嚴格的逐批百分之百查驗迄今，措施將持續下去。照片來源：食藥署提供",,台灣,新聞,匯流新聞網,健康匯流,2023/4/18,8:00:00,,,0,0,0,0,0,0,0,負向,,
11c1019c-1105-529f-99de-684cb0afe796,https://n.yam.com/Article/20230418265290,好市多賣的這款綜合維他命 食藥署抓到防腐劑大違規！1478公斤遭扣,"匯流新聞網記者陳鈞凱／台北報導偏愛在「好市多」掃貨大罐維他命的消費者注意了！食藥署今（18）日公布最新一波邊境查驗不合格名單，在17項進口不合格名單當中，好市多從加拿大進口的一批「WEBBER NATURALS男性50+年長者綜合維生素錠」檢出禁用的防腐劑，重達1478.86公斤全數得依規定退運或銷毀；另有一批自中國進口的「花椒」更一口氣檢出重金屬鉛超標達8倍之多。食藥署上午公布17項邊境查驗不合格名單，包括有來自韓國進口的「J.GAO , J.KAOJ.GAO 女神光果凍」、日本的「生螢烏賊」、韓國的「新鮮人蔘」、印度的「HERITAGE BASMATI RICE印度達瓦牌 : 傳統香米」等，分別被出甜味劑、農藥或重金屬不合格。其中，好市多股份有限公司自加拿大進口一批、總重1478.86公斤的「WEBBER NATURALS男性50+年長者綜合維生素錠(MEN’S 50+ MOST COMPLETE MULTI)」檢出防腐劑對羥苯甲酸乙酯0.01g/kg不符規定。來源廠商為FACTORS GROUP OF NUTRITIONAL COMPANIES INC.。食藥署北區管理中心科長陳慶裕表示，依業者聲明對羥苯甲酸乙酯係源自合成番茄紅素，添加於該產品原料的tomato pomace（skin and seed）當中，不過，對羥苯甲酸乙酯在國內目前只准用於豆皮、豆干、醬油、醋、不含碳酸飲料以及鮮果跟果菜外皮5大類，並不准用於膠囊錠劑，因此違反食品安全衛生管理法第18條規定。陳慶裕說，該款加拿大綜合維生素錠，過去半年來，包含今公布這批，已經進口84批，這次是第一次檢出違規，食藥署將提高抽驗比率從原本的2%到10%、提高至20%到50%。另外，台北市漢馨企業有限公司自中國進口一批、912.5公斤的「花椒(PERICARPIUM ZANTHOXYLI)」則是檢出重金屬鉛15.2mg/kg，依業者提供說明文件的乾燥率換算後，生鮮花椒含重金屬鉛2.4mg/kg，超出「食品中汙染物質及毒素衛生標準」鉛於香草植物及香辛植物類限量的0.3mg/kg。來源廠商為青島瑞祥源農產品有限公司。陳慶裕表示，由於花椒經乾燥處理，有濃縮效果，但經計算，重金屬超標狀況仍然嚴重，這是近6個月第一次檢出花椒產品違規；不過，中國相關的花椒產品2年前有違規紀錄，從當時開始已經全面採取最嚴格的逐批百分之百查驗迄今，措施將持續下去。照片來源：食藥署提供",,台灣,新聞,yam蕃薯藤,即時新聞,2023/4/18,2:36:00,,,0,0,0,0,0,0,0,負向,,